window_start,window_end,order_gid,order_name,order_created_at,order_processed_at,order_financial_status,order_total_amount,order_currency,transaction_gid,transaction_kind,transaction_status,transaction_gateway,transaction_created_at,transaction_processed_at,transaction_amount,transaction_currency,fee_type,fee_amount,fee_currency,fee_tax_amount,fee_tax_currency,fee_rate_name,fee_flat_fee_name,fee_rate
2026-02-28T00:00:00.000Z,2026-04-29T11:27:54.785Z,gid://shopify/Order/7569307959486,#1135,2026-03-18T09:17:54Z,2026-03-18T09:17:51Z,REFUNDED,47.2,USD,gid://shopify/OrderTransaction/9092949704894,CAPTURE,SUCCESS,shopify_payments,2026-03-18T09:17:56Z,2026-03-18T09:17:56Z,47.2,USD,processing_fee,2.33,USD,0.0,USD,amex_international_card_not_present,,0.043
2026-02-28T00:00:00.000Z,2026-04-29T11:27:54.785Z,gid://shopify/Order/7569314742462,#1136,2026-03-18T09:23:23Z,2026-03-18T09:23:20Z,REFUNDED,117.0,USD,gid://shopify/OrderTransaction/9092960190654,CAPTURE,SUCCESS,shopify_payments,2026-03-18T09:23:24Z,2026-03-18T09:23:24Z,117.0,USD,processing_fee,5.33,USD,0.0,USD,amex_international_card_not_present,,0.043
2026-02-28T00:00:00.000Z,2026-04-29T11:27:54.785Z,gid://shopify/Order/7583153094846,#1137,2026-03-23T11:21:43Z,2026-03-23T11:21:38Z,REFUNDED,117.0,USD,gid://shopify/OrderTransaction/9109569732798,CAPTURE,SUCCESS,shopify_payments,2026-03-23T11:21:44Z,2026-03-23T11:21:44Z,117.0,USD,processing_fee,5.33,USD,0.0,USD,amex_international_card_not_present,,0.043
2026-02-28T00:00:00.000Z,2026-04-29T11:27:54.785Z,gid://shopify/Order/7586133999806,#1138,2026-03-24T09:56:43Z,2026-03-24T09:56:41Z,PAID,59.0,USD,gid://shopify/OrderTransaction/9112418517182,CAPTURE,SUCCESS,shopify_payments,2026-03-24T09:56:44Z,2026-03-24T09:56:44Z,59.0,USD,processing_fee,2.72,USD,0.0,USD,amex_international_card_not_present,,0.041
2026-02-28T00:00:00.000Z,2026-04-29T11:27:54.785Z,gid://shopify/Order/7586136883390,#1139,2026-03-24T10:00:28Z,2026-03-24T10:00:24Z,REFUNDED,53.1,USD,gid://shopify/OrderTransaction/9112422842558,CAPTURE,SUCCESS,shopify_payments,2026-03-24T10:00:29Z,2026-03-24T10:00:29Z,59.0,USD,processing_fee,2.72,USD,0.0,USD,amex_international_card_not_present,,0.041
2026-02-28T00:00:00.000Z,2026-04-29T11:27:54.785Z,gid://shopify/Order/7586138194110,#1140,2026-03-24T10:01:27Z,2026-03-24T10:01:24Z,REFUNDED,90.0,USD,gid://shopify/OrderTransaction/9112424349886,CAPTURE,SUCCESS,shopify_payments,2026-03-24T10:01:28Z,2026-03-24T10:01:28Z,90.0,USD,processing_fee,3.99,USD,0.0,USD,amex_international_card_not_present,,0.041
2026-02-28T00:00:00.000Z,2026-04-29T11:27:54.785Z,gid://shopify/Order/7601812013246,#1141,2026-03-30T06:45:41Z,2026-03-30T06:45:36Z,REFUNDED,90.0,USD,gid://shopify/OrderTransaction/9132182143166,CAPTURE,SUCCESS,shopify_payments,2026-03-30T06:45:42Z,2026-03-30T06:45:42Z,90.0,USD,processing_fee,3.99,USD,0.0,USD,amex_international_card_not_present,,0.041
2026-02-28T00:00:00.000Z,2026-04-29T11:27:54.785Z,gid://shopify/Order/7601833181374,#1142,2026-03-30T07:07:21Z,2026-03-30T07:07:17Z,REFUNDED,117.0,USD,gid://shopify/OrderTransaction/9132210815166,CAPTURE,SUCCESS,shopify_payments,2026-03-30T07:07:22Z,2026-03-30T07:07:22Z,117.0,USD,processing_fee,5.1,USD,0.0,USD,amex_international_card_not_present,,0.041
2026-02-28T00:00:00.000Z,2026-04-29T11:27:54.785Z,gid://shopify/Order/7601880498366,#1143,2026-03-30T07:57:05Z,2026-03-30T07:57:01Z,REFUNDED,117.0,USD,gid://shopify/OrderTransaction/9132277137598,CAPTURE,SUCCESS,shopify_payments,2026-03-30T07:57:06Z,2026-03-30T07:57:06Z,117.0,USD,processing_fee,5.1,USD,0.0,USD,amex_international_card_not_present,,0.041
2026-02-28T00:00:00.000Z,2026-04-29T11:27:54.785Z,gid://shopify/Order/7604990836926,#1144,2026-03-31T13:10:02Z,2026-03-31T13:09:59Z,PAID,59.0,USD,gid://shopify/OrderTransaction/9136495100094,CAPTURE,SUCCESS,shopify_payments,2026-03-31T13:10:04Z,2026-03-31T13:10:04Z,59.0,USD,processing_fee,2.72,USD,0.0,USD,amex_international_card_not_present,,0.041
2026-02-28T00:00:00.000Z,2026-04-29T11:27:54.785Z,gid://shopify/Order/7605007188158,#1145,2026-03-31T13:16:32Z,2026-03-31T13:16:28Z,PAID,87.0,USD,gid://shopify/OrderTransaction/9136509616318,CAPTURE,SUCCESS,shopify_payments,2026-03-31T13:16:33Z,2026-03-31T13:16:33Z,87.0,USD,processing_fee,3.87,USD,0.0,USD,amex_international_card_not_present,,0.041
2026-02-28T00:00:00.000Z,2026-04-29T11:27:54.785Z,gid://shopify/Order/7611221835966,#1146,2026-04-01T23:39:14Z,2026-04-01T23:39:12Z,PAID,47.2,USD,gid://shopify/OrderTransaction/9144294310078,CAPTURE,SUCCESS,shopify_payments,2026-04-01T23:39:16Z,2026-04-01T23:39:16Z,47.2,USD,processing_fee,1.48,USD,0.0,USD,domestic_card_not_present,,0.025
2026-02-28T00:00:00.000Z,2026-04-29T11:27:54.785Z,gid://shopify/Order/7616048332990,#1147,2026-04-03T22:30:18Z,2026-04-03T22:30:13Z,PAID,47.2,USD,gid://shopify/OrderTransaction/9160586133694,CAPTURE,SUCCESS,shopify_payments,2026-04-03T22:30:19Z,2026-04-03T22:30:19Z,47.2,USD,processing_fee,1.76,USD,0.0,USD,amex_card_not_present,,0.031
2026-02-28T00:00:00.000Z,2026-04-29T11:27:54.785Z,gid://shopify/Order/7618867560638,#1148,2026-04-05T09:46:08Z,2026-04-05T09:46:05Z,REFUNDED,59.0,USD,gid://shopify/OrderTransaction/9166147682494,CAPTURE,SUCCESS,shopify_payments,2026-04-05T09:46:09Z,2026-04-05T09:46:09Z,59.0,USD,processing_fee,2.72,USD,0.0,USD,amex_international_card_not_present,,0.041
2026-02-28T00:00:00.000Z,2026-04-29T11:27:54.785Z,gid://shopify/Order/7620542791870,#1149,2026-04-06T06:32:15Z,2026-04-06T06:32:12Z,REFUNDED,59.0,USD,gid://shopify/OrderTransaction/9168606363838,CAPTURE,SUCCESS,shopify_payments,2026-04-06T06:32:16Z,2026-04-06T06:32:16Z,59.0,USD,processing_fee,2.72,USD,0.0,USD,amex_international_card_not_present,,0.041
2026-02-28T00:00:00.000Z,2026-04-29T11:27:54.785Z,gid://shopify/Order/7623259029694,#1150,2026-04-07T10:04:12Z,2026-04-07T10:04:09Z,REFUNDED,50.15,USD,gid://shopify/OrderTransaction/9172551401662,CAPTURE,SUCCESS,shopify_payments,2026-04-07T10:04:14Z,2026-04-07T10:04:14Z,50.15,USD,processing_fee,1.85,USD,0.0,USD,amex_card_not_present,,0.031
2026-02-28T00:00:00.000Z,2026-04-29T11:27:54.785Z,gid://shopify/Order/7637121466558,#1151,2026-04-12T11:17:53Z,2026-04-12T11:17:50Z,REFUNDED,59.0,USD,gid://shopify/OrderTransaction/9190130811070,CAPTURE,SUCCESS,shopify_payments,2026-04-12T11:18:05Z,2026-04-12T11:18:05Z,59.0,USD,processing_fee,2.72,USD,0.0,USD,amex_international_card_not_present,,0.041
2026-02-28T00:00:00.000Z,2026-04-29T11:27:54.785Z,gid://shopify/Order/7643151073470,#1152,2026-04-14T09:01:05Z,2026-04-14T09:01:01Z,REFUNDED,29.0,USD,gid://shopify/OrderTransaction/9195511316670,CAPTURE,SUCCESS,shopify_payments,2026-04-14T09:01:07Z,2026-04-14T09:01:07Z,29.0,USD,processing_fee,1.49,USD,0.0,USD,amex_international_card_not_present,,0.041
2026-02-28T00:00:00.000Z,2026-04-29T11:27:54.785Z,gid://shopify/Order/7647816417470,#1154,2026-04-15T17:09:37Z,2026-04-15T17:09:34Z,PAID,59.0,USD,gid://shopify/OrderTransaction/9201085219006,CAPTURE,SUCCESS,shopify_payments,2026-04-15T17:09:38Z,2026-04-15T17:09:38Z,59.0,USD,processing_fee,1.78,USD,0.0,USD,domestic_card_not_present,,0.025
2026-02-28T00:00:00.000Z,2026-04-29T11:27:54.785Z,gid://shopify/Order/7648499859646,#1155,2026-04-15T22:10:29Z,2026-04-15T22:10:26Z,PAID,50.15,USD,gid://shopify/OrderTransaction/9202028642494,CAPTURE,SUCCESS,shopify_payments,2026-04-15T22:10:30Z,2026-04-15T22:10:30Z,50.15,USD,processing_fee,1.55,USD,0.0,USD,domestic_card_not_present,,0.025
2026-02-28T00:00:00.000Z,2026-04-29T11:27:54.785Z,gid://shopify/Order/7648559726782,#1156,2026-04-15T22:45:40Z,2026-04-15T22:45:36Z,PAID,50.15,USD,gid://shopify/OrderTransaction/9202106138814,SALE,SUCCESS,shopify_payments,2026-04-15T22:45:37Z,2026-04-15T22:45:37Z,50.15,USD,processing_fee,2.06,USD,0.0,USD,international_card_not_present,,0.035
2026-02-28T00:00:00.000Z,2026-04-29T11:27:54.785Z,gid://shopify/Order/7648624083134,#1157,2026-04-15T23:25:39Z,2026-04-15T23:25:35Z,PAID,59.0,USD,gid://shopify/OrderTransaction/9202190188734,CAPTURE,SUCCESS,shopify_payments,2026-04-15T23:25:41Z,2026-04-15T23:25:41Z,59.0,USD,processing_fee,1.78,USD,0.0,USD,domestic_card_not_present,,0.025
2026-02-28T00:00:00.000Z,2026-04-29T11:27:54.785Z,gid://shopify/Order/7648726253758,#1158,2026-04-16T00:31:41Z,2026-04-16T00:31:36Z,PAID,59.0,USD,gid://shopify/OrderTransaction/9202318344382,CAPTURE,SUCCESS,shopify_payments,2026-04-16T00:31:42Z,2026-04-16T00:31:42Z,59.0,USD,processing_fee,1.78,USD,0.0,USD,domestic_card_not_present,,0.025
2026-02-28T00:00:00.000Z,2026-04-29T11:27:54.785Z,gid://shopify/Order/7649142243518,#1160,2026-04-16T05:09:08Z,2026-04-16T05:09:05Z,PAID,59.0,USD,gid://shopify/OrderTransaction/9202851905726,CAPTURE,SUCCESS,shopify_payments,2026-04-16T05:09:10Z,2026-04-16T05:09:10Z,59.0,USD,processing_fee,1.78,USD,0.0,USD,domestic_card_not_present,,0.025
2026-02-28T00:00:00.000Z,2026-04-29T11:27:54.785Z,gid://shopify/Order/7649379582142,#1162,2026-04-16T09:08:33Z,2026-04-16T09:08:30Z,PAID,59.0,USD,gid://shopify/OrderTransaction/9203159138494,CAPTURE,SUCCESS,shopify_payments,2026-04-16T09:08:35Z,2026-04-16T09:08:35Z,59.0,USD,processing_fee,2.13,USD,0.0,USD,amex_card_not_present,,0.031
2026-02-28T00:00:00.000Z,2026-04-29T11:27:54.785Z,gid://shopify/Order/7649422049470,#1163,2026-04-16T09:55:20Z,2026-04-16T09:55:17Z,REFUNDED,117.0,USD,gid://shopify/OrderTransaction/9203214516414,CAPTURE,SUCCESS,shopify_payments,2026-04-16T09:55:21Z,2026-04-16T09:55:21Z,117.0,USD,processing_fee,5.1,USD,0.0,USD,amex_international_card_not_present,,0.041
2026-02-28T00:00:00.000Z,2026-04-29T11:27:54.785Z,gid://shopify/Order/7649441185982,#1164,2026-04-16T10:15:01Z,2026-04-16T10:14:58Z,PAID,50.15,USD,gid://shopify/OrderTransaction/9203238961342,CAPTURE,SUCCESS,shopify_payments,2026-04-16T10:15:02Z,2026-04-16T10:15:02Z,50.15,USD,processing_fee,1.55,USD,0.0,USD,domestic_card_not_present,,0.025
2026-02-28T00:00:00.000Z,2026-04-29T11:27:54.785Z,gid://shopify/Order/7649466974398,#1165,2026-04-16T10:40:47Z,2026-04-16T10:40:44Z,PAID,50.15,USD,gid://shopify/OrderTransaction/9203274285246,CAPTURE,SUCCESS,shopify_payments,2026-04-16T10:40:48Z,2026-04-16T10:40:48Z,50.15,USD,processing_fee,1.85,USD,0.0,USD,amex_card_not_present,,0.031
2026-02-28T00:00:00.000Z,2026-04-29T11:27:54.785Z,gid://shopify/Order/7649544470718,#1166,2026-04-16T11:57:21Z,2026-04-16T11:57:18Z,PAID,59.0,USD,gid://shopify/OrderTransaction/9203379929278,CAPTURE,SUCCESS,shopify_payments,2026-04-16T11:57:23Z,2026-04-16T11:57:23Z,59.0,USD,processing_fee,2.13,USD,0.0,USD,amex_card_not_present,,0.031
2026-02-28T00:00:00.000Z,2026-04-29T11:27:54.785Z,gid://shopify/Order/7649877754046,#1167,2026-04-16T14:48:48Z,2026-04-16T14:48:44Z,PAID,50.15,USD,gid://shopify/OrderTransaction/9203795099838,CAPTURE,SUCCESS,shopify_payments,2026-04-16T14:48:49Z,2026-04-16T14:48:49Z,50.15,USD,processing_fee,1.55,USD,0.0,USD,domestic_card_not_present,,0.025
2026-02-28T00:00:00.000Z,2026-04-29T11:27:54.785Z,gid://shopify/Order/7650131214526,#1168,2026-04-16T16:12:47Z,2026-04-16T16:12:42Z,PAID,50.15,USD,gid://shopify/OrderTransaction/9204057505982,CAPTURE,SUCCESS,shopify_payments,2026-04-16T16:12:48Z,2026-04-16T16:12:48Z,50.15,USD,processing_fee,1.55,USD,0.0,USD,domestic_card_not_present,,0.025
2026-02-28T00:00:00.000Z,2026-04-29T11:27:54.785Z,gid://shopify/Order/7650377466046,#1169,2026-04-16T17:31:47Z,2026-04-16T17:31:44Z,PAID,59.0,USD,gid://shopify/OrderTransaction/9204331413694,CAPTURE,SUCCESS,shopify_payments,2026-04-16T17:31:48Z,2026-04-16T17:31:48Z,59.0,USD,processing_fee,2.13,USD,0.0,USD,premium_domestic_card_not_present,,0.031
2026-02-28T00:00:00.000Z,2026-04-29T11:27:54.785Z,gid://shopify/Order/7650425864382,#1170,2026-04-16T17:48:34Z,2026-04-16T17:48:29Z,PAID,76.5,USD,gid://shopify/OrderTransaction/9204388724926,CAPTURE,SUCCESS,shopify_payments,2026-04-16T17:48:35Z,2026-04-16T17:48:35Z,76.5,USD,processing_fee,2.21,USD,0.0,USD,domestic_card_not_present,,0.025
2026-02-28T00:00:00.000Z,2026-04-29T11:27:54.785Z,gid://shopify/Order/7650480390334,#1171,2026-04-16T18:09:35Z,2026-04-16T18:09:32Z,PAID,88.0,USD,gid://shopify/OrderTransaction/9204453703870,CAPTURE,SUCCESS,shopify_payments,2026-04-16T18:09:37Z,2026-04-16T18:09:37Z,88.0,USD,processing_fee,3.03,USD,0.0,USD,premium_domestic_card_not_present,,0.031
2026-02-28T00:00:00.000Z,2026-04-29T11:27:54.785Z,gid://shopify/Order/7650755248318,#1172,2026-04-16T20:04:47Z,2026-04-16T20:04:43Z,PAID,59.0,USD,gid://shopify/OrderTransaction/9204790001854,CAPTURE,SUCCESS,shopify_payments,2026-04-16T20:04:49Z,2026-04-16T20:04:49Z,59.0,USD,processing_fee,1.78,USD,0.0,USD,domestic_card_not_present,,0.025
2026-02-28T00:00:00.000Z,2026-04-29T11:27:54.785Z,gid://shopify/Order/7651684581566,#1174,2026-04-17T04:51:44Z,2026-04-17T04:51:42Z,PAID,88.0,USD,gid://shopify/OrderTransaction/9205996585150,CAPTURE,SUCCESS,shopify_payments,2026-04-17T04:51:45Z,2026-04-17T04:51:45Z,88.0,USD,processing_fee,3.56,USD,0.0,USD,paypal_domestic_card_not_present,,0.0349
2026-02-28T00:00:00.000Z,2026-04-29T11:27:54.785Z,gid://shopify/Order/7651814736062,#1177,2026-04-17T06:39:31Z,2026-04-17T06:39:27Z,PAID,88.0,USD,gid://shopify/OrderTransaction/9206157705406,SALE,SUCCESS,shopify_payments,2026-04-17T06:39:28Z,2026-04-17T06:39:28Z,88.0,USD,processing_fee,3.03,USD,0.0,USD,amex_card_not_present,,0.031
2026-02-28T00:00:00.000Z,2026-04-29T11:27:54.785Z,gid://shopify/Order/7652097261758,#1178,2026-04-17T11:43:30Z,2026-04-17T11:43:26Z,PAID,59.0,USD,gid://shopify/OrderTransaction/9206531621054,CAPTURE,SUCCESS,shopify_payments,2026-04-17T11:43:32Z,2026-04-17T11:43:32Z,59.0,USD,processing_fee,1.78,USD,0.0,USD,domestic_card_not_present,,0.025
2026-02-28T00:00:00.000Z,2026-04-29T11:27:54.785Z,gid://shopify/Order/7652380639422,#1179,2026-04-17T14:02:49Z,2026-04-17T14:02:46Z,PAID,76.5,USD,gid://shopify/OrderTransaction/9206819127486,CAPTURE,SUCCESS,shopify_payments,2026-04-17T14:02:50Z,2026-04-17T14:02:50Z,76.5,USD,processing_fee,2.67,USD,0.0,USD,amex_card_not_present,,0.031
2026-02-28T00:00:00.000Z,2026-04-29T11:27:54.785Z,gid://shopify/Order/7652780212414,#1180,2026-04-17T16:45:46Z,2026-04-17T16:45:41Z,PAID,140.2,USD,gid://shopify/OrderTransaction/9207288987838,CAPTURE,SUCCESS,shopify_payments,2026-04-17T16:45:47Z,2026-04-17T16:45:47Z,117.0,USD,processing_fee,3.23,USD,0.0,USD,domestic_card_not_present,,0.025
2026-02-28T00:00:00.000Z,2026-04-29T11:27:54.785Z,gid://shopify/Order/7652780212414,#1180,2026-04-17T16:45:46Z,2026-04-17T16:45:41Z,PAID,140.2,USD,gid://shopify/OrderTransaction/9207289741502,SALE,SUCCESS,shopify_payments,2026-04-17T16:46:07Z,2026-04-17T16:46:07Z,23.2,USD,processing_fee,0.88,USD,0.0,USD,domestic_card_not_present,,0.025
2026-02-28T00:00:00.000Z,2026-04-29T11:27:54.785Z,gid://shopify/Order/7652922982590,#1181,2026-04-17T17:34:28Z,2026-04-17T17:34:25Z,PAID,59.0,USD,gid://shopify/OrderTransaction/9207453483198,CAPTURE,SUCCESS,shopify_payments,2026-04-17T17:34:30Z,2026-04-17T17:34:30Z,59.0,USD,processing_fee,1.78,USD,0.0,USD,domestic_card_not_present,,0.025
2026-02-28T00:00:00.000Z,2026-04-29T11:27:54.785Z,gid://shopify/Order/7652944019646,#1182,2026-04-17T17:40:24Z,2026-04-17T17:40:21Z,REFUNDED,59.0,USD,gid://shopify/OrderTransaction/9207478812862,CAPTURE,SUCCESS,shopify_payments,2026-04-17T17:40:25Z,2026-04-17T17:40:25Z,59.0,USD,processing_fee,1.78,USD,0.0,USD,domestic_card_not_present,,0.025
2026-02-28T00:00:00.000Z,2026-04-29T11:27:54.785Z,gid://shopify/Order/7652970725566,#1183,2026-04-17T17:48:07Z,2026-04-17T17:48:05Z,PAID,59.0,USD,gid://shopify/OrderTransaction/9207510597822,CAPTURE,SUCCESS,shopify_payments,2026-04-17T17:48:08Z,2026-04-17T17:48:08Z,59.0,USD,processing_fee,2.55,USD,0.0,USD,paypal_domestic_card_not_present,,0.0349
2026-02-28T00:00:00.000Z,2026-04-29T11:27:54.785Z,gid://shopify/Order/7653082300606,#1185,2026-04-17T18:24:03Z,2026-04-17T18:24:00Z,PAID,59.0,USD,gid://shopify/OrderTransaction/9207642783934,CAPTURE,SUCCESS,shopify_payments,2026-04-17T18:24:04Z,2026-04-17T18:24:04Z,59.0,USD,processing_fee,2.13,USD,0.0,USD,amex_card_not_present,,0.031
2026-02-28T00:00:00.000Z,2026-04-29T11:27:54.785Z,gid://shopify/Order/7653308235966,#1186,2026-04-17T20:02:41Z,2026-04-17T20:02:40Z,PAID,50.15,USD,gid://shopify/OrderTransaction/9207932682430,CAPTURE,SUCCESS,shopify_payments,2026-04-17T20:02:42Z,2026-04-17T20:02:42Z,50.15,USD,processing_fee,2.24,USD,0.0,USD,paypal_domestic_card_not_present,,0.0349
2026-02-28T00:00:00.000Z,2026-04-29T11:27:54.785Z,gid://shopify/Order/7653375639742,#1187,2026-04-17T20:36:31Z,2026-04-17T20:36:26Z,PAID,50.15,USD,gid://shopify/OrderTransaction/9208034001086,CAPTURE,SUCCESS,shopify_payments,2026-04-17T20:36:33Z,2026-04-17T20:36:33Z,50.15,USD,processing_fee,1.55,USD,0.0,USD,domestic_card_not_present,,0.025
2026-02-28T00:00:00.000Z,2026-04-29T11:27:54.785Z,gid://shopify/Order/7653500223678,#1188,2026-04-17T21:39:07Z,2026-04-17T21:39:03Z,PAID,99.45,USD,gid://shopify/OrderTransaction/9208218976446,SALE,SUCCESS,shopify_payments,2026-04-17T21:39:03Z,2026-04-17T21:39:03Z,99.45,USD,processing_fee,2.79,USD,0.0,USD,domestic_card_not_present,,0.025
2026-02-28T00:00:00.000Z,2026-04-29T11:27:54.785Z,gid://shopify/Order/7653558649022,#1189,2026-04-17T22:14:25Z,2026-04-17T22:14:20Z,PAID,59.0,USD,gid://shopify/OrderTransaction/9208296931518,CAPTURE,SUCCESS,shopify_payments,2026-04-17T22:14:26Z,2026-04-17T22:14:26Z,59.0,USD,processing_fee,1.78,USD,0.0,USD,domestic_card_not_present,,0.025
2026-02-28T00:00:00.000Z,2026-04-29T11:27:54.785Z,gid://shopify/Order/7653608390846,#1190,2026-04-17T22:46:23Z,2026-04-17T22:46:21Z,PAID,59.0,USD,gid://shopify/OrderTransaction/9208361877694,CAPTURE,SUCCESS,shopify_payments,2026-04-17T22:46:24Z,2026-04-17T22:46:24Z,59.0,USD,processing_fee,2.55,USD,0.0,USD,paypal_domestic_card_not_present,,0.0349
2026-02-28T00:00:00.000Z,2026-04-29T11:27:54.785Z,gid://shopify/Order/7653757583550,#1191,2026-04-18T00:08:38Z,2026-04-18T00:08:37Z,PAID,50.15,USD,gid://shopify/OrderTransaction/9208551243966,CAPTURE,SUCCESS,shopify_payments,2026-04-18T00:08:39Z,2026-04-18T00:08:39Z,50.15,USD,processing_fee,2.24,USD,0.0,USD,paypal_domestic_card_not_present,,0.0349
2026-02-28T00:00:00.000Z,2026-04-29T11:27:54.785Z,gid://shopify/Order/7654236618942,#1192,2026-04-18T05:52:44Z,2026-04-18T05:52:43Z,PAID,50.15,USD,gid://shopify/OrderTransaction/9209174425790,CAPTURE,SUCCESS,shopify_payments,2026-04-18T05:52:45Z,2026-04-18T05:52:45Z,50.15,USD,processing_fee,2.24,USD,0.0,USD,paypal_domestic_card_not_present,,0.0349
2026-02-28T00:00:00.000Z,2026-04-29T11:27:54.785Z,gid://shopify/Order/7654611615934,#1194,2026-04-18T12:17:27Z,2026-04-18T12:17:24Z,PAID,59.0,USD,gid://shopify/OrderTransaction/9209679544510,CAPTURE,SUCCESS,shopify_payments,2026-04-18T12:17:29Z,2026-04-18T12:17:29Z,59.0,USD,processing_fee,2.13,USD,0.0,USD,amex_card_not_present,,0.031
2026-02-28T00:00:00.000Z,2026-04-29T11:27:54.785Z,gid://shopify/Order/7654631932094,#1195,2026-04-18T12:38:11Z,2026-04-18T12:38:08Z,PAID,59.0,USD,gid://shopify/OrderTransaction/9209708511422,CAPTURE,SUCCESS,shopify_payments,2026-04-18T12:38:13Z,2026-04-18T12:38:13Z,59.0,USD,processing_fee,1.78,USD,0.0,USD,domestic_card_not_present,,0.025
2026-02-28T00:00:00.000Z,2026-04-29T11:27:54.785Z,gid://shopify/Order/7655027179710,#1196,2026-04-18T16:44:55Z,2026-04-18T16:44:52Z,PAID,50.15,USD,gid://shopify/OrderTransaction/9210262618302,CAPTURE,SUCCESS,shopify_payments,2026-04-18T16:44:56Z,2026-04-18T16:44:56Z,50.15,USD,processing_fee,1.55,USD,0.0,USD,domestic_card_not_present,,0.025
2026-02-28T00:00:00.000Z,2026-04-29T11:27:54.785Z,gid://shopify/Order/7655229554878,#1197,2026-04-18T18:15:08Z,2026-04-18T18:15:07Z,PAID,50.15,USD,gid://shopify/OrderTransaction/9210525778110,CAPTURE,SUCCESS,shopify_payments,2026-04-18T18:15:09Z,2026-04-18T18:15:09Z,50.15,USD,processing_fee,2.24,USD,0.0,USD,paypal_domestic_card_not_present,,0.0349
2026-02-28T00:00:00.000Z,2026-04-29T11:27:54.785Z,gid://shopify/Order/7655542161598,#1198,2026-04-18T21:00:56Z,2026-04-18T21:00:55Z,PAID,90.0,USD,gid://shopify/OrderTransaction/9210987872446,CAPTURE,SUCCESS,shopify_payments,2026-04-18T21:00:57Z,2026-04-18T21:00:57Z,90.0,USD,processing_fee,3.63,USD,0.0,USD,paypal_domestic_card_not_present,,0.0349
2026-02-28T00:00:00.000Z,2026-04-29T11:27:54.785Z,gid://shopify/Order/7655678443710,#1199,2026-04-18T22:34:43Z,2026-04-18T22:34:39Z,PAID,50.15,USD,gid://shopify/OrderTransaction/9211170029758,CAPTURE,SUCCESS,shopify_payments,2026-04-18T22:34:45Z,2026-04-18T22:34:45Z,50.15,USD,processing_fee,1.55,USD,0.0,USD,domestic_card_not_present,,0.025
2026-02-28T00:00:00.000Z,2026-04-29T11:27:54.785Z,gid://shopify/Order/7655696564414,#1200,2026-04-18T22:46:57Z,2026-04-18T22:46:52Z,PAID,99.45,USD,gid://shopify/OrderTransaction/9211193295038,CAPTURE,SUCCESS,shopify_payments,2026-04-18T22:46:58Z,2026-04-18T22:46:58Z,99.45,USD,processing_fee,2.79,USD,0.0,USD,domestic_card_not_present,,0.025
2026-02-28T00:00:00.000Z,2026-04-29T11:27:54.785Z,gid://shopify/Order/7655831601342,#1201,2026-04-19T00:33:50Z,2026-04-19T00:33:47Z,PAID,59.0,USD,gid://shopify/OrderTransaction/9211370864830,CAPTURE,SUCCESS,shopify_payments,2026-04-19T00:33:51Z,2026-04-19T00:33:51Z,59.0,USD,processing_fee,1.78,USD,0.0,USD,domestic_card_not_present,,0.025
2026-02-28T00:00:00.000Z,2026-04-29T11:27:54.785Z,gid://shopify/Order/7655867252926,#1202,2026-04-19T01:03:05Z,2026-04-19T01:03:02Z,PAID,117.0,USD,gid://shopify/OrderTransaction/9211416805566,CAPTURE,SUCCESS,shopify_payments,2026-04-19T01:03:07Z,2026-04-19T01:03:07Z,117.0,USD,processing_fee,3.23,USD,0.0,USD,domestic_card_not_present,,0.025
2026-02-28T00:00:00.000Z,2026-04-29T11:27:54.785Z,gid://shopify/Order/7656003698878,#1203,2026-04-19T02:56:03Z,2026-04-19T02:55:58Z,PAID,90.0,USD,gid://shopify/OrderTransaction/9211598438590,CAPTURE,SUCCESS,shopify_payments,2026-04-19T02:56:04Z,2026-04-19T02:56:04Z,90.0,USD,processing_fee,2.55,USD,0.0,USD,domestic_card_not_present,,0.025
2026-02-28T00:00:00.000Z,2026-04-29T11:27:54.785Z,gid://shopify/Order/7656149385406,#1204,2026-04-19T04:45:03Z,2026-04-19T04:44:59Z,PAID,59.0,USD,gid://shopify/OrderTransaction/9211788263614,SALE,SUCCESS,shopify_payments,2026-04-19T04:45:00Z,2026-04-19T04:45:00Z,59.0,USD,processing_fee,1.78,USD,0.0,USD,domestic_card_not_present,,0.025
2026-02-28T00:00:00.000Z,2026-04-29T11:27:54.785Z,gid://shopify/Order/7656159445182,#1205,2026-04-19T04:54:17Z,2026-04-19T04:54:14Z,PAID,59.0,USD,gid://shopify/OrderTransaction/9211801731262,CAPTURE,SUCCESS,shopify_payments,2026-04-19T04:54:19Z,2026-04-19T04:54:19Z,59.0,USD,processing_fee,1.78,USD,0.0,USD,domestic_card_not_present,,0.025
2026-02-28T00:00:00.000Z,2026-04-29T11:27:54.785Z,gid://shopify/Order/7656577892542,#1207,2026-04-19T12:07:39Z,2026-04-19T12:07:35Z,PAID,59.0,USD,gid://shopify/OrderTransaction/9212371828926,CAPTURE,SUCCESS,shopify_payments,2026-04-19T12:07:40Z,2026-04-19T12:07:40Z,59.0,USD,processing_fee,1.78,USD,0.0,USD,domestic_card_not_present,,0.025
2026-02-28T00:00:00.000Z,2026-04-29T11:27:54.785Z,gid://shopify/Order/7656710832318,#1209,2026-04-19T14:01:03Z,2026-04-19T14:00:59Z,PAID,50.15,USD,gid://shopify/OrderTransaction/9212562047166,SALE,SUCCESS,shopify_payments,2026-04-19T14:01:00Z,2026-04-19T14:01:00Z,50.15,USD,processing_fee,1.55,USD,0.0,USD,domestic_card_not_present,,0.025
2026-02-28T00:00:00.000Z,2026-04-29T11:27:54.785Z,gid://shopify/Order/7656793571518,#1211,2026-04-19T14:56:43Z,2026-04-19T14:56:39Z,PAID,59.0,USD,gid://shopify/OrderTransaction/9212676505790,CAPTURE,SUCCESS,shopify_payments,2026-04-19T14:56:44Z,2026-04-19T14:56:44Z,59.0,USD,processing_fee,1.78,USD,0.0,USD,domestic_card_not_present,,0.025
2026-02-28T00:00:00.000Z,2026-04-29T11:27:54.785Z,gid://shopify/Order/7656832434366,#1212,2026-04-19T15:19:46Z,2026-04-19T15:19:42Z,PAID,59.0,USD,gid://shopify/OrderTransaction/9212728377534,CAPTURE,SUCCESS,shopify_payments,2026-04-19T15:19:48Z,2026-04-19T15:19:48Z,59.0,USD,processing_fee,1.78,USD,0.0,USD,domestic_card_not_present,,0.025
2026-02-28T00:00:00.000Z,2026-04-29T11:27:54.785Z,gid://shopify/Order/7657228730558,#1213,2026-04-19T18:39:21Z,2026-04-19T18:39:17Z,PAID,99.45,USD,gid://shopify/OrderTransaction/9213242671294,CAPTURE,SUCCESS,shopify_payments,2026-04-19T18:39:22Z,2026-04-19T18:39:22Z,99.45,USD,processing_fee,2.79,USD,0.0,USD,domestic_card_not_present,,0.025
2026-02-28T00:00:00.000Z,2026-04-29T11:27:54.785Z,gid://shopify/Order/7657242362046,#1214,2026-04-19T18:46:40Z,2026-04-19T18:46:37Z,PAID,47.2,USD,gid://shopify/OrderTransaction/9213260431550,CAPTURE,SUCCESS,shopify_payments,2026-04-19T18:46:42Z,2026-04-19T18:46:42Z,47.2,USD,processing_fee,1.48,USD,0.0,USD,domestic_card_not_present,,0.025
2026-02-28T00:00:00.000Z,2026-04-29T11:27:54.785Z,gid://shopify/Order/7657408463038,#1215,2026-04-19T20:12:42Z,2026-04-19T20:12:39Z,PAID,90.0,USD,gid://shopify/OrderTransaction/9213482893502,CAPTURE,SUCCESS,shopify_payments,2026-04-19T20:12:44Z,2026-04-19T20:12:44Z,90.0,USD,processing_fee,2.55,USD,0.0,USD,domestic_card_not_present,,0.025
2026-02-28T00:00:00.000Z,2026-04-29T11:27:54.785Z,gid://shopify/Order/7657524854974,#1216,2026-04-19T21:09:52Z,2026-04-19T21:09:49Z,PAID,47.2,USD,gid://shopify/OrderTransaction/9213667770558,CAPTURE,SUCCESS,shopify_payments,2026-04-19T21:09:53Z,2026-04-19T21:09:53Z,47.2,USD,processing_fee,1.48,USD,0.0,USD,domestic_card_not_present,,0.025
2026-02-28T00:00:00.000Z,2026-04-29T11:27:54.785Z,gid://shopify/Order/7657532260542,#1217,2026-04-19T21:14:37Z,2026-04-19T21:14:32Z,PARTIALLY_REFUNDED,234.0,USD,gid://shopify/OrderTransaction/9213677273278,CAPTURE,SUCCESS,shopify_payments,2026-04-19T21:14:39Z,2026-04-19T21:14:39Z,234.0,USD,processing_fee,6.15,USD,0.0,USD,domestic_card_not_present,,0.025
2026-02-28T00:00:00.000Z,2026-04-29T11:27:54.785Z,gid://shopify/Order/7657630630078,#1218,2026-04-19T22:10:52Z,2026-04-19T22:10:49Z,PAID,59.0,USD,gid://shopify/OrderTransaction/9213801365694,CAPTURE,SUCCESS,shopify_payments,2026-04-19T22:10:54Z,2026-04-19T22:10:54Z,59.0,USD,processing_fee,1.78,USD,0.0,USD,domestic_card_not_present,,0.025
2026-02-28T00:00:00.000Z,2026-04-29T11:27:54.785Z,gid://shopify/Order/7657756164286,#1220,2026-04-19T23:32:03Z,2026-04-19T23:31:58Z,PAID,59.0,USD,gid://shopify/OrderTransaction/9213962682558,CAPTURE,SUCCESS,shopify_payments,2026-04-19T23:32:04Z,2026-04-19T23:32:04Z,59.0,USD,processing_fee,1.78,USD,0.0,USD,domestic_card_not_present,,0.025
2026-02-28T00:00:00.000Z,2026-04-29T11:27:54.785Z,gid://shopify/Order/7657779691710,#1221,2026-04-19T23:46:41Z,2026-04-19T23:46:37Z,PAID,59.0,USD,gid://shopify/OrderTransaction/9213992108222,CAPTURE,SUCCESS,shopify_payments,2026-04-19T23:46:42Z,2026-04-19T23:46:42Z,59.0,USD,processing_fee,1.78,USD,0.0,USD,domestic_card_not_present,,0.025
2026-02-28T00:00:00.000Z,2026-04-29T11:27:54.785Z,gid://shopify/Order/7658417225918,#1222,2026-04-20T07:27:41Z,2026-04-20T07:27:37Z,PAID,99.45,USD,gid://shopify/OrderTransaction/9214821138622,CAPTURE,SUCCESS,shopify_payments,2026-04-20T07:27:43Z,2026-04-20T07:27:43Z,99.45,USD,processing_fee,2.79,USD,0.0,USD,domestic_card_not_present,,0.025
2026-02-28T00:00:00.000Z,2026-04-29T11:27:54.785Z,gid://shopify/Order/7658757554366,#1224,2026-04-20T13:19:09Z,2026-04-20T13:19:06Z,PAID,59.0,USD,gid://shopify/OrderTransaction/9217024557246,CAPTURE,SUCCESS,shopify_payments,2026-04-20T13:19:10Z,2026-04-20T13:19:10Z,59.0,USD,processing_fee,1.78,USD,0.0,USD,domestic_card_not_present,,0.025
2026-02-28T00:00:00.000Z,2026-04-29T11:27:54.785Z,gid://shopify/Order/7658961993918,#1225,2026-04-20T15:18:57Z,2026-04-20T15:18:54Z,PAID,50.15,USD,gid://shopify/OrderTransaction/9217417937086,CAPTURE,SUCCESS,shopify_payments,2026-04-20T15:18:59Z,2026-04-20T15:18:59Z,50.15,USD,processing_fee,1.85,USD,0.0,USD,amex_card_not_present,,0.031
2026-02-28T00:00:00.000Z,2026-04-29T11:27:54.785Z,gid://shopify/Order/7659131044030,#1226,2026-04-20T16:22:18Z,2026-04-20T16:22:14Z,PAID,50.15,USD,gid://shopify/OrderTransaction/9217676607678,CAPTURE,SUCCESS,shopify_payments,2026-04-20T16:22:19Z,2026-04-20T16:22:19Z,50.15,USD,processing_fee,1.85,USD,0.0,USD,premium_domestic_card_not_present,,0.031
2026-02-28T00:00:00.000Z,2026-04-29T11:27:54.785Z,gid://shopify/Order/7659242258622,#1227,2026-04-20T16:57:23Z,2026-04-20T16:57:20Z,PAID,59.0,USD,gid://shopify/OrderTransaction/9217825341630,CAPTURE,SUCCESS,shopify_payments,2026-04-20T16:57:25Z,2026-04-20T16:57:25Z,59.0,USD,processing_fee,1.78,USD,0.0,USD,domestic_card_not_present,,0.025
2026-02-28T00:00:00.000Z,2026-04-29T11:27:54.785Z,gid://shopify/Order/7659332993214,#1228,2026-04-20T17:28:38Z,2026-04-20T17:28:34Z,PAID,59.0,USD,gid://shopify/OrderTransaction/9217957429438,CAPTURE,SUCCESS,shopify_payments,2026-04-20T17:28:40Z,2026-04-20T17:28:40Z,59.0,USD,processing_fee,2.13,USD,0.0,USD,amex_card_not_present,,0.031
2026-02-28T00:00:00.000Z,2026-04-29T11:27:54.785Z,gid://shopify/Order/7659572887742,#1229,2026-04-20T19:09:52Z,2026-04-20T19:09:49Z,PAID,50.15,USD,gid://shopify/OrderTransaction/9218275606718,CAPTURE,SUCCESS,shopify_payments,2026-04-20T19:09:53Z,2026-04-20T19:09:53Z,50.15,USD,processing_fee,1.55,USD,0.0,USD,domestic_card_not_present,,0.025
2026-02-28T00:00:00.000Z,2026-04-29T11:27:54.785Z,gid://shopify/Order/7659634163902,#1231,2026-04-20T19:38:23Z,2026-04-20T19:38:20Z,PAID,50.15,USD,gid://shopify/OrderTransaction/9218368569534,CAPTURE,SUCCESS,shopify_payments,2026-04-20T19:38:24Z,2026-04-20T19:38:24Z,50.15,USD,processing_fee,1.55,USD,0.0,USD,domestic_card_not_present,,0.025
2026-02-28T00:00:00.000Z,2026-04-29T11:27:54.785Z,gid://shopify/Order/7659638554814,#1232,2026-04-20T19:40:27Z,2026-04-20T19:40:23Z,PAID,59.0,USD,gid://shopify/OrderTransaction/9218374303934,CAPTURE,SUCCESS,shopify_payments,2026-04-20T19:40:29Z,2026-04-20T19:40:29Z,59.0,USD,processing_fee,2.13,USD,0.0,USD,amex_card_not_present,,0.031
2026-02-28T00:00:00.000Z,2026-04-29T11:27:54.785Z,gid://shopify/Order/7659986976958,#1233,2026-04-20T22:45:55Z,2026-04-20T22:45:52Z,PAID,88.0,USD,gid://shopify/OrderTransaction/9218944827582,SALE,SUCCESS,shopify_payments,2026-04-20T22:45:52Z,2026-04-20T22:45:52Z,88.0,USD,processing_fee,2.5,USD,0.0,USD,domestic_card_not_present,,0.025
2026-02-28T00:00:00.000Z,2026-04-29T11:27:54.785Z,gid://shopify/Order/7660103925950,#1234,2026-04-20T23:45:45Z,2026-04-20T23:45:41Z,PAID,59.0,USD,gid://shopify/OrderTransaction/9219153985726,CAPTURE,SUCCESS,shopify_payments,2026-04-20T23:45:46Z,2026-04-20T23:45:46Z,59.0,USD,processing_fee,1.78,USD,0.0,USD,domestic_card_not_present,,0.025
2026-02-28T00:00:00.000Z,2026-04-29T11:27:54.785Z,gid://shopify/Order/7660104384702,#1235,2026-04-20T23:46:00Z,2026-04-20T23:45:57Z,PAID,59.0,USD,gid://shopify/OrderTransaction/9219155099838,CAPTURE,SUCCESS,shopify_payments,2026-04-20T23:46:02Z,2026-04-20T23:46:02Z,59.0,USD,processing_fee,1.78,USD,0.0,USD,domestic_card_not_present,,0.025
2026-02-28T00:00:00.000Z,2026-04-29T11:27:54.785Z,gid://shopify/Order/7660195020990,#1236,2026-04-21T00:30:11Z,2026-04-21T00:30:06Z,PAID,124.95,USD,gid://shopify/OrderTransaction/9219308781758,CAPTURE,SUCCESS,shopify_payments,2026-04-21T00:30:13Z,2026-04-21T00:30:13Z,124.95,USD,processing_fee,3.42,USD,0.0,USD,domestic_card_not_present,,0.025
2026-02-28T00:00:00.000Z,2026-04-29T11:27:54.785Z,gid://shopify/Order/7660278120638,#1237,2026-04-21T01:26:35Z,2026-04-21T01:26:31Z,PAID,50.15,USD,gid://shopify/OrderTransaction/9219452436670,CAPTURE,SUCCESS,shopify_payments,2026-04-21T01:26:37Z,2026-04-21T01:26:37Z,50.15,USD,processing_fee,1.55,USD,0.0,USD,domestic_card_not_present,,0.025
2026-02-28T00:00:00.000Z,2026-04-29T11:27:54.785Z,gid://shopify/Order/7660691914942,#1238,2026-04-21T05:56:15Z,2026-04-21T05:56:12Z,PAID,59.0,USD,gid://shopify/OrderTransaction/9220005036222,CAPTURE,SUCCESS,shopify_payments,2026-04-21T05:56:17Z,2026-04-21T05:56:17Z,59.0,USD,processing_fee,2.13,USD,0.0,USD,amex_card_not_present,,0.031
2026-02-28T00:00:00.000Z,2026-04-29T11:27:54.785Z,gid://shopify/Order/7660795625662,#1239,2026-04-21T07:18:52Z,2026-04-21T07:18:51Z,PAID,50.15,USD,gid://shopify/OrderTransaction/9220146659518,CAPTURE,SUCCESS,shopify_payments,2026-04-21T07:18:53Z,2026-04-21T07:18:53Z,50.15,USD,processing_fee,2.24,USD,0.0,USD,paypal_domestic_card_not_present,,0.0349
2026-02-28T00:00:00.000Z,2026-04-29T11:27:54.785Z,gid://shopify/Order/7660827967678,#1240,2026-04-21T07:58:09Z,2026-04-21T07:58:06Z,REFUNDED,59.0,USD,gid://shopify/OrderTransaction/9220196630718,CAPTURE,SUCCESS,shopify_payments,2026-04-21T07:58:10Z,2026-04-21T07:58:10Z,59.0,USD,processing_fee,2.72,USD,0.0,USD,amex_international_card_not_present,,0.041
2026-02-28T00:00:00.000Z,2026-04-29T11:27:54.785Z,gid://shopify/Order/7660981059774,#1241,2026-04-21T10:55:24Z,2026-04-21T10:55:22Z,PAID,59.0,USD,gid://shopify/OrderTransaction/9220412604606,CAPTURE,SUCCESS,shopify_payments,2026-04-21T10:55:25Z,2026-04-21T10:55:25Z,59.0,USD,processing_fee,2.55,USD,0.0,USD,paypal_domestic_card_not_present,,0.0349
2026-02-28T00:00:00.000Z,2026-04-29T11:27:54.785Z,gid://shopify/Order/7661033357502,#1242,2026-04-21T11:48:26Z,2026-04-21T11:48:21Z,PAID,59.0,USD,gid://shopify/OrderTransaction/9220489674942,SALE,SUCCESS,shopify_payments,2026-04-21T11:48:21Z,2026-04-21T11:48:21Z,59.0,USD,processing_fee,1.78,USD,0.0,USD,domestic_card_not_present,,0.025
2026-02-28T00:00:00.000Z,2026-04-29T11:27:54.785Z,gid://shopify/Order/7661079068862,#1243,2026-04-21T12:20:48Z,2026-04-21T12:20:46Z,PAID,50.15,USD,gid://shopify/OrderTransaction/9220550754494,CAPTURE,SUCCESS,shopify_payments,2026-04-21T12:20:50Z,2026-04-21T12:20:50Z,50.15,USD,processing_fee,1.85,USD,0.0,USD,amex_card_not_present,,0.031
2026-02-28T00:00:00.000Z,2026-04-29T11:27:54.785Z,gid://shopify/Order/7661150535870,#1244,2026-04-21T13:10:41Z,2026-04-21T13:10:36Z,PAID,59.0,USD,gid://shopify/OrderTransaction/9220653154494,CAPTURE,SUCCESS,shopify_payments,2026-04-21T13:10:42Z,2026-04-21T13:10:42Z,59.0,USD,processing_fee,1.78,USD,0.0,USD,domestic_card_not_present,,0.025
2026-02-28T00:00:00.000Z,2026-04-29T11:27:54.785Z,gid://shopify/Order/7661156729022,#1245,2026-04-21T13:14:51Z,2026-04-21T13:14:48Z,PAID,50.15,USD,gid://shopify/OrderTransaction/9220662591678,CAPTURE,SUCCESS,shopify_payments,2026-04-21T13:14:53Z,2026-04-21T13:14:53Z,50.15,USD,processing_fee,1.55,USD,0.0,USD,domestic_card_not_present,,0.025
2026-02-28T00:00:00.000Z,2026-04-29T11:27:54.785Z,gid://shopify/Order/7661232095422,#1246,2026-04-21T14:01:32Z,2026-04-21T14:01:29Z,PAID,59.0,USD,gid://shopify/OrderTransaction/9220776526014,CAPTURE,SUCCESS,shopify_payments,2026-04-21T14:01:34Z,2026-04-21T14:01:34Z,59.0,USD,processing_fee,1.78,USD,0.0,USD,domestic_card_not_present,,0.025
2026-02-28T00:00:00.000Z,2026-04-29T11:27:54.785Z,gid://shopify/Order/7661407699134,#1247,2026-04-21T15:17:21Z,2026-04-21T15:17:17Z,PAID,50.15,USD,gid://shopify/OrderTransaction/9221027758270,CAPTURE,SUCCESS,shopify_payments,2026-04-21T15:17:22Z,2026-04-21T15:17:22Z,50.15,USD,processing_fee,1.55,USD,0.0,USD,domestic_card_not_present,,0.025
2026-02-28T00:00:00.000Z,2026-04-29T11:27:54.785Z,gid://shopify/Order/7661468156094,#1248,2026-04-21T15:44:04Z,2026-04-21T15:43:59Z,PAID,70.4,USD,gid://shopify/OrderTransaction/9221121147070,CAPTURE,SUCCESS,shopify_payments,2026-04-21T15:44:05Z,2026-04-21T15:44:05Z,70.4,USD,processing_fee,2.06,USD,0.0,USD,domestic_card_not_present,,0.025
2026-02-28T00:00:00.000Z,2026-04-29T11:27:54.785Z,gid://shopify/Order/7661644316862,#1249,2026-04-21T16:47:27Z,2026-04-21T16:47:24Z,PAID,106.2,USD,gid://shopify/OrderTransaction/9221378113726,CAPTURE,SUCCESS,shopify_payments,2026-04-21T16:47:28Z,2026-04-21T16:47:28Z,59.0,USD,processing_fee,1.78,USD,0.0,USD,domestic_card_not_present,,0.025
2026-02-28T00:00:00.000Z,2026-04-29T11:27:54.785Z,gid://shopify/Order/7661644316862,#1249,2026-04-21T16:47:27Z,2026-04-21T16:47:24Z,PAID,106.2,USD,gid://shopify/OrderTransaction/9221379227838,SALE,SUCCESS,shopify_payments,2026-04-21T16:47:49Z,2026-04-21T16:47:49Z,47.2,USD,processing_fee,1.48,USD,0.0,USD,domestic_card_not_present,,0.025
2026-02-28T00:00:00.000Z,2026-04-29T11:27:54.785Z,gid://shopify/Order/7661761822910,#1250,2026-04-21T17:22:12Z,2026-04-21T17:22:08Z,PAID,59.0,USD,gid://shopify/OrderTransaction/9221535596734,CAPTURE,SUCCESS,shopify_payments,2026-04-21T17:22:13Z,2026-04-21T17:22:13Z,59.0,USD,processing_fee,1.78,USD,0.0,USD,domestic_card_not_present,,0.025
2026-02-28T00:00:00.000Z,2026-04-29T11:27:54.785Z,gid://shopify/Order/7662003650750,#1251,2026-04-21T18:56:29Z,2026-04-21T18:56:25Z,PAID,59.0,USD,gid://shopify/OrderTransaction/9221848105150,CAPTURE,SUCCESS,shopify_payments,2026-04-21T18:56:30Z,2026-04-21T18:56:30Z,59.0,USD,processing_fee,1.78,USD,0.0,USD,domestic_card_not_present,,0.025
2026-02-28T00:00:00.000Z,2026-04-29T11:27:54.785Z,gid://shopify/Order/7662158348478,#1252,2026-04-21T20:02:13Z,2026-04-21T20:02:09Z,PAID,59.0,USD,gid://shopify/OrderTransaction/9222032752830,CAPTURE,SUCCESS,shopify_payments,2026-04-21T20:02:15Z,2026-04-21T20:02:15Z,59.0,USD,processing_fee,1.78,USD,0.0,USD,domestic_card_not_present,,0.025
2026-02-28T00:00:00.000Z,2026-04-29T11:27:54.785Z,gid://shopify/Order/7662168309950,#1253,2026-04-21T20:06:45Z,2026-04-21T20:06:43Z,PAID,59.0,USD,gid://shopify/OrderTransaction/9222044451006,CAPTURE,SUCCESS,shopify_payments,2026-04-21T20:06:47Z,2026-04-21T20:06:47Z,59.0,USD,processing_fee,1.78,USD,0.0,USD,domestic_card_not_present,,0.025
2026-02-28T00:00:00.000Z,2026-04-29T11:27:54.785Z,gid://shopify/Order/7662221951166,#1254,2026-04-21T20:33:35Z,2026-04-21T20:33:31Z,PAID,50.15,USD,gid://shopify/OrderTransaction/9222124568766,CAPTURE,SUCCESS,shopify_payments,2026-04-21T20:33:36Z,2026-04-21T20:33:36Z,50.15,USD,processing_fee,1.55,USD,0.0,USD,domestic_card_not_present,,0.025
2026-02-28T00:00:00.000Z,2026-04-29T11:27:54.785Z,gid://shopify/Order/7662381727934,#1255,2026-04-21T21:58:36Z,2026-04-21T21:58:32Z,PAID,50.15,USD,gid://shopify/OrderTransaction/9222339428542,CAPTURE,SUCCESS,shopify_payments,2026-04-21T21:58:38Z,2026-04-21T21:58:38Z,50.15,USD,processing_fee,1.55,USD,0.0,USD,domestic_card_not_present,,0.025
2026-02-28T00:00:00.000Z,2026-04-29T11:27:54.785Z,gid://shopify/Order/7662501953726,#1256,2026-04-21T23:05:33Z,2026-04-21T23:05:29Z,PAID,59.0,USD,gid://shopify/OrderTransaction/9222499958974,CAPTURE,SUCCESS,shopify_payments,2026-04-21T23:05:35Z,2026-04-21T23:05:35Z,59.0,USD,processing_fee,1.78,USD,0.0,USD,domestic_card_not_present,,0.025
2026-02-28T00:00:00.000Z,2026-04-29T11:27:54.785Z,gid://shopify/Order/7662514995390,#1257,2026-04-21T23:11:19Z,2026-04-21T23:11:15Z,PAID,59.0,USD,gid://shopify/OrderTransaction/9222515196094,SALE,SUCCESS,shopify_payments,2026-04-21T23:11:16Z,2026-04-21T23:11:16Z,59.0,USD,processing_fee,2.13,USD,0.0,USD,amex_card_not_present,,0.031
2026-02-28T00:00:00.000Z,2026-04-29T11:27:54.785Z,gid://shopify/Order/7662739914942,#1258,2026-04-22T00:48:11Z,2026-04-22T00:48:08Z,PARTIALLY_REFUNDED,59.0,USD,gid://shopify/OrderTransaction/9222791594174,CAPTURE,SUCCESS,shopify_payments,2026-04-22T00:48:12Z,2026-04-22T00:48:12Z,59.0,USD,processing_fee,1.78,USD,0.0,USD,domestic_card_not_present,,0.025
2026-02-28T00:00:00.000Z,2026-04-29T11:27:54.785Z,gid://shopify/Order/7662752563390,#1259,2026-04-22T00:54:30Z,2026-04-22T00:54:27Z,PAID,147.0,USD,gid://shopify/OrderTransaction/9222806634686,CAPTURE,SUCCESS,shopify_payments,2026-04-22T00:54:31Z,2026-04-22T00:54:31Z,147.0,USD,processing_fee,3.98,USD,0.0,USD,domestic_card_not_present,,0.025
2026-02-28T00:00:00.000Z,2026-04-29T11:27:54.785Z,gid://shopify/Order/7662821179582,#1260,2026-04-22T01:22:29Z,2026-04-22T01:22:25Z,PAID,139.0,USD,gid://shopify/OrderTransaction/9222885900478,CAPTURE,SUCCESS,shopify_payments,2026-04-22T01:22:30Z,2026-04-22T01:22:30Z,139.0,USD,processing_fee,4.61,USD,0.0,USD,amex_card_not_present,,0.031
2026-02-28T00:00:00.000Z,2026-04-29T11:27:54.785Z,gid://shopify/Order/7663073263806,#1261,2026-04-22T04:03:42Z,2026-04-22T04:03:39Z,PAID,59.0,USD,gid://shopify/OrderTransaction/9223203061950,CAPTURE,SUCCESS,shopify_payments,2026-04-22T04:03:43Z,2026-04-22T04:03:43Z,59.0,USD,processing_fee,1.78,USD,0.0,USD,domestic_card_not_present,,0.025
2026-02-28T00:00:00.000Z,2026-04-29T11:27:54.785Z,gid://shopify/Order/7663277047998,#1262,2026-04-22T04:22:23Z,2026-04-22T04:22:13Z,PAID,59.0,USD,gid://shopify/OrderTransaction/9223422116030,CAPTURE,SUCCESS,shopify_payments,2026-04-22T04:22:24Z,2026-04-22T04:22:24Z,59.0,USD,processing_fee,1.78,USD,0.0,USD,domestic_card_not_present,,0.025
2026-02-28T00:00:00.000Z,2026-04-29T11:27:54.785Z,gid://shopify/Order/7664863510718,#1264,2026-04-22T06:45:38Z,2026-04-22T06:45:37Z,PAID,93.5,USD,gid://shopify/OrderTransaction/9225095512254,CAPTURE,SUCCESS,shopify_payments,2026-04-22T06:45:39Z,2026-04-22T06:45:39Z,93.5,USD,processing_fee,3.75,USD,0.0,USD,paypal_domestic_card_not_present,,0.0349
2026-02-28T00:00:00.000Z,2026-04-29T11:27:54.785Z,gid://shopify/Order/7665227792574,#1265,2026-04-22T12:47:00Z,2026-04-22T12:46:58Z,PAID,59.0,USD,gid://shopify/OrderTransaction/9225612984510,CAPTURE,SUCCESS,shopify_payments,2026-04-22T12:47:02Z,2026-04-22T12:47:02Z,59.0,USD,processing_fee,1.78,USD,0.0,USD,domestic_card_not_present,,0.025
2026-02-28T00:00:00.000Z,2026-04-29T11:27:54.785Z,gid://shopify/Order/7665267212478,#1266,2026-04-22T13:10:51Z,2026-04-22T13:10:47Z,PAID,59.0,USD,gid://shopify/OrderTransaction/9225665020094,CAPTURE,SUCCESS,shopify_payments,2026-04-22T13:10:52Z,2026-04-22T13:10:52Z,59.0,USD,processing_fee,1.78,USD,0.0,USD,domestic_card_not_present,,0.025
2026-02-28T00:00:00.000Z,2026-04-29T11:27:54.785Z,gid://shopify/Order/7665267343550,#1267,2026-04-22T13:10:54Z,2026-04-22T13:10:50Z,PAID,59.0,USD,gid://shopify/OrderTransaction/9225665183934,CAPTURE,SUCCESS,shopify_payments,2026-04-22T13:10:55Z,2026-04-22T13:10:55Z,59.0,USD,processing_fee,1.78,USD,0.0,USD,domestic_card_not_present,,0.025
2026-02-28T00:00:00.000Z,2026-04-29T11:27:54.785Z,gid://shopify/Order/7665312465086,#1268,2026-04-22T13:34:56Z,2026-04-22T13:34:52Z,PAID,59.0,USD,gid://shopify/OrderTransaction/9225731965118,CAPTURE,SUCCESS,shopify_payments,2026-04-22T13:34:57Z,2026-04-22T13:34:57Z,59.0,USD,processing_fee,1.78,USD,0.0,USD,domestic_card_not_present,,0.025
2026-02-28T00:00:00.000Z,2026-04-29T11:27:54.785Z,gid://shopify/Order/7665606262974,#1269,2026-04-22T15:33:50Z,2026-04-22T15:33:46Z,PAID,59.0,USD,gid://shopify/OrderTransaction/9226084221118,CAPTURE,SUCCESS,shopify_payments,2026-04-22T15:33:51Z,2026-04-22T15:33:51Z,59.0,USD,processing_fee,1.78,USD,0.0,USD,domestic_card_not_present,,0.025
2026-02-28T00:00:00.000Z,2026-04-29T11:27:54.785Z,gid://shopify/Order/7665957273790,#1270,2026-04-22T17:22:25Z,2026-04-22T17:22:20Z,PAID,50.15,USD,gid://shopify/OrderTransaction/9226512892094,CAPTURE,SUCCESS,shopify_payments,2026-04-22T17:22:27Z,2026-04-22T17:22:27Z,50.15,USD,processing_fee,1.55,USD,0.0,USD,domestic_card_not_present,,0.025
2026-02-28T00:00:00.000Z,2026-04-29T11:27:54.785Z,gid://shopify/Order/7666039587006,#1271,2026-04-22T17:47:37Z,2026-04-22T17:47:36Z,PARTIALLY_REFUNDED,106.2,USD,gid://shopify/OrderTransaction/9226610835646,CAPTURE,SUCCESS,shopify_payments,2026-04-22T17:47:37Z,2026-04-22T17:47:37Z,59.0,USD,processing_fee,2.55,USD,0.0,USD,paypal_domestic_card_not_present,,0.0349
2026-02-28T00:00:00.000Z,2026-04-29T11:27:54.785Z,gid://shopify/Order/7666039587006,#1271,2026-04-22T17:47:37Z,2026-04-22T17:47:36Z,PARTIALLY_REFUNDED,106.2,USD,gid://shopify/OrderTransaction/9226611392702,SALE,SUCCESS,shopify_payments,2026-04-22T17:47:50Z,2026-04-22T17:47:50Z,47.2,USD,processing_fee,2.14,USD,0.0,USD,paypal_domestic_card_not_present,,0.0349
2026-02-28T00:00:00.000Z,2026-04-29T11:27:54.785Z,gid://shopify/Order/7666054496446,#1272,2026-04-22T17:52:41Z,2026-04-22T17:52:38Z,PAID,59.0,USD,gid://shopify/OrderTransaction/9226629251262,CAPTURE,SUCCESS,shopify_payments,2026-04-22T17:52:43Z,2026-04-22T17:52:43Z,59.0,USD,processing_fee,1.78,USD,0.0,USD,domestic_card_not_present,,0.025
2026-02-28T00:00:00.000Z,2026-04-29T11:27:54.785Z,gid://shopify/Order/7666254446782,#1275,2026-04-22T18:55:57Z,2026-04-22T18:55:55Z,PAID,59.0,USD,gid://shopify/OrderTransaction/9226847617214,CAPTURE,SUCCESS,shopify_payments,2026-04-22T18:55:58Z,2026-04-22T18:55:58Z,59.0,USD,processing_fee,1.78,USD,0.0,USD,domestic_card_not_present,,0.025
2026-02-28T00:00:00.000Z,2026-04-29T11:27:54.785Z,gid://shopify/Order/7666623512766,#1276,2026-04-22T21:38:18Z,2026-04-22T21:38:14Z,PAID,59.0,USD,gid://shopify/OrderTransaction/9227328291006,CAPTURE,SUCCESS,shopify_payments,2026-04-22T21:38:20Z,2026-04-22T21:38:20Z,59.0,USD,processing_fee,1.78,USD,0.0,USD,domestic_card_not_present,,0.025
2026-02-28T00:00:00.000Z,2026-04-29T11:27:54.785Z,gid://shopify/Order/7666674696382,#1277,2026-04-22T22:07:59Z,2026-04-22T22:07:56Z,PAID,88.0,USD,gid://shopify/OrderTransaction/9227403690174,CAPTURE,SUCCESS,shopify_payments,2026-04-22T22:08:00Z,2026-04-22T22:08:00Z,88.0,USD,processing_fee,3.03,USD,0.0,USD,premium_domestic_card_not_present,,0.031
2026-02-28T00:00:00.000Z,2026-04-29T11:27:54.785Z,gid://shopify/Order/7666700484798,#1278,2026-04-22T22:24:12Z,2026-04-22T22:24:08Z,PAID,50.15,USD,gid://shopify/OrderTransaction/9227439734974,CAPTURE,SUCCESS,shopify_payments,2026-04-22T22:24:13Z,2026-04-22T22:24:13Z,50.15,USD,processing_fee,1.55,USD,0.0,USD,domestic_card_not_present,,0.025
2026-02-28T00:00:00.000Z,2026-04-29T11:27:54.785Z,gid://shopify/Order/7666726928574,#1279,2026-04-22T22:40:58Z,2026-04-22T22:40:55Z,PAID,59.0,USD,gid://shopify/OrderTransaction/9227475550398,CAPTURE,SUCCESS,shopify_payments,2026-04-22T22:41:00Z,2026-04-22T22:41:00Z,59.0,USD,processing_fee,1.78,USD,0.0,USD,domestic_card_not_present,,0.025
2026-02-28T00:00:00.000Z,2026-04-29T11:27:54.785Z,gid://shopify/Order/7666801606846,#1280,2026-04-22T23:26:52Z,2026-04-22T23:26:49Z,PAID,110.0,USD,gid://shopify/OrderTransaction/9227575263422,CAPTURE,SUCCESS,shopify_payments,2026-04-22T23:26:53Z,2026-04-22T23:26:53Z,110.0,USD,processing_fee,3.05,USD,0.0,USD,domestic_card_not_present,,0.025
2026-02-28T00:00:00.000Z,2026-04-29T11:27:54.785Z,gid://shopify/Order/7666815402174,#1281,2026-04-22T23:35:42Z,2026-04-22T23:35:39Z,PAID,59.0,USD,gid://shopify/OrderTransaction/9227594563774,CAPTURE,SUCCESS,shopify_payments,2026-04-22T23:35:43Z,2026-04-22T23:35:43Z,59.0,USD,processing_fee,1.78,USD,0.0,USD,domestic_card_not_present,,0.025
2026-02-28T00:00:00.000Z,2026-04-29T11:27:54.785Z,gid://shopify/Order/7666901123262,#1282,2026-04-23T00:34:25Z,2026-04-23T00:34:21Z,PAID,50.15,USD,gid://shopify/OrderTransaction/9227713183934,CAPTURE,SUCCESS,shopify_payments,2026-04-23T00:34:26Z,2026-04-23T00:34:26Z,50.15,USD,processing_fee,1.85,USD,0.0,USD,premium_domestic_card_not_present,,0.031
2026-02-28T00:00:00.000Z,2026-04-29T11:27:54.785Z,gid://shopify/Order/7666962694334,#1283,2026-04-23T01:15:04Z,2026-04-23T01:15:00Z,PAID,59.0,USD,gid://shopify/OrderTransaction/9227794612414,CAPTURE,SUCCESS,shopify_payments,2026-04-23T01:15:05Z,2026-04-23T01:15:05Z,59.0,USD,processing_fee,1.78,USD,0.0,USD,domestic_card_not_present,,0.025
2026-02-28T00:00:00.000Z,2026-04-29T11:27:54.785Z,gid://shopify/Order/7667149045950,#1284,2026-04-23T03:25:09Z,2026-04-23T03:25:06Z,PAID,59.0,USD,gid://shopify/OrderTransaction/9228054593726,SALE,SUCCESS,shopify_payments,2026-04-23T03:25:06Z,2026-04-23T03:25:06Z,59.0,USD,processing_fee,1.78,USD,0.0,USD,domestic_card_not_present,,0.025
2026-02-28T00:00:00.000Z,2026-04-29T11:27:54.785Z,gid://shopify/Order/7667195838654,#1285,2026-04-23T04:03:05Z,2026-04-23T04:02:59Z,PAID,59.0,USD,gid://shopify/OrderTransaction/9228114723006,CAPTURE,SUCCESS,shopify_payments,2026-04-23T04:03:06Z,2026-04-23T04:03:06Z,59.0,USD,processing_fee,1.78,USD,0.0,USD,domestic_card_not_present,,0.025
2026-02-28T00:00:00.000Z,2026-04-29T11:27:54.785Z,gid://shopify/Order/7667401294014,#1286,2026-04-23T06:39:41Z,2026-04-23T06:39:39Z,PAID,50.15,USD,gid://shopify/OrderTransaction/9228390170814,CAPTURE,SUCCESS,shopify_payments,2026-04-23T06:39:42Z,2026-04-23T06:39:42Z,50.15,USD,processing_fee,1.55,USD,0.0,USD,domestic_card_not_present,,0.025
2026-02-28T00:00:00.000Z,2026-04-29T11:27:54.785Z,gid://shopify/Order/7667454804158,#1287,2026-04-23T07:34:56Z,2026-04-23T07:34:53Z,PAID,59.0,USD,gid://shopify/OrderTransaction/9228465963198,SALE,SUCCESS,shopify_payments,2026-04-23T07:34:54Z,2026-04-23T07:34:54Z,59.0,USD,processing_fee,1.78,USD,0.0,USD,domestic_card_not_present,,0.025
2026-02-28T00:00:00.000Z,2026-04-29T11:27:54.785Z,gid://shopify/Order/7667487047870,#1288,2026-04-23T08:10:27Z,2026-04-23T08:10:24Z,REFUNDED,59.0,USD,gid://shopify/OrderTransaction/9228512886974,CAPTURE,SUCCESS,shopify_payments,2026-04-23T08:10:28Z,2026-04-23T08:10:28Z,59.0,USD,processing_fee,2.72,USD,0.0,USD,amex_international_card_not_present,,0.041
2026-02-28T00:00:00.000Z,2026-04-29T11:27:54.785Z,gid://shopify/Order/7667608846526,#1289,2026-04-23T10:23:30Z,2026-04-23T10:23:26Z,PAID,59.0,USD,gid://shopify/OrderTransaction/9228693307582,CAPTURE,SUCCESS,shopify_payments,2026-04-23T10:23:31Z,2026-04-23T10:23:31Z,59.0,USD,processing_fee,1.78,USD,0.0,USD,domestic_card_not_present,,0.025
2026-02-28T00:00:00.000Z,2026-04-29T11:27:54.785Z,gid://shopify/Order/7667630342334,#1290,2026-04-23T10:43:58Z,2026-04-23T10:43:55Z,PAID,59.0,USD,gid://shopify/OrderTransaction/9228725092542,CAPTURE,SUCCESS,shopify_payments,2026-04-23T10:43:59Z,2026-04-23T10:43:59Z,59.0,USD,processing_fee,2.13,USD,0.0,USD,premium_domestic_card_not_present,,0.031
2026-02-28T00:00:00.000Z,2026-04-29T11:27:54.785Z,gid://shopify/Order/7667889995966,#1292,2026-04-23T13:48:55Z,2026-04-23T13:48:52Z,PAID,59.0,USD,gid://shopify/OrderTransaction/9229053591742,CAPTURE,SUCCESS,shopify_payments,2026-04-23T13:48:57Z,2026-04-23T13:48:57Z,59.0,USD,processing_fee,2.13,USD,0.0,USD,amex_card_not_present,,0.031
2026-02-28T00:00:00.000Z,2026-04-29T11:27:54.785Z,gid://shopify/Order/7668159840446,#1294,2026-04-23T15:51:01Z,2026-04-23T15:50:58Z,PAID,59.0,USD,gid://shopify/OrderTransaction/9229400703166,CAPTURE,SUCCESS,shopify_payments,2026-04-23T15:51:02Z,2026-04-23T15:51:02Z,59.0,USD,processing_fee,1.78,USD,0.0,USD,domestic_card_not_present,,0.025
2026-02-28T00:00:00.000Z,2026-04-29T11:27:54.785Z,gid://shopify/Order/7668231569598,#1296,2026-04-23T16:16:54Z,2026-04-23T16:16:47Z,PAID,59.0,USD,gid://shopify/OrderTransaction/9229490487486,CAPTURE,SUCCESS,shopify_payments,2026-04-23T16:16:56Z,2026-04-23T16:16:56Z,59.0,USD,processing_fee,2.13,USD,0.0,USD,premium_domestic_card_not_present,,0.031
2026-02-28T00:00:00.000Z,2026-04-29T11:27:54.785Z,gid://shopify/Order/7668350517438,#1297,2026-04-23T16:55:39Z,2026-04-23T16:55:36Z,PAID,59.0,USD,gid://shopify/OrderTransaction/9229626179774,SALE,SUCCESS,shopify_payments,2026-04-23T16:55:36Z,2026-04-23T16:55:36Z,59.0,USD,processing_fee,1.78,USD,0.0,USD,domestic_card_not_present,,0.025
2026-02-28T00:00:00.000Z,2026-04-29T11:27:54.785Z,gid://shopify/Order/7668447346878,#1298,2026-04-23T17:21:47Z,2026-04-23T17:21:46Z,PAID,59.0,USD,gid://shopify/OrderTransaction/9229721370814,CAPTURE,SUCCESS,shopify_payments,2026-04-23T17:21:48Z,2026-04-23T17:21:48Z,59.0,USD,processing_fee,2.55,USD,0.0,USD,paypal_domestic_card_not_present,,0.0349
2026-02-28T00:00:00.000Z,2026-04-29T11:27:54.785Z,gid://shopify/Order/7668523696318,#1299,2026-04-23T17:47:43Z,2026-04-23T17:47:40Z,PAID,59.0,USD,gid://shopify/OrderTransaction/9229815513278,CAPTURE,SUCCESS,shopify_payments,2026-04-23T17:47:44Z,2026-04-23T17:47:44Z,59.0,USD,processing_fee,1.78,USD,0.0,USD,domestic_card_not_present,,0.025
2026-02-28T00:00:00.000Z,2026-04-29T11:27:54.785Z,gid://shopify/Order/7668529070270,#1300,2026-04-23T17:50:05Z,2026-04-23T17:50:02Z,PAID,74.8,USD,gid://shopify/OrderTransaction/9229822918846,CAPTURE,SUCCESS,shopify_payments,2026-04-23T17:50:06Z,2026-04-23T17:50:06Z,74.8,USD,processing_fee,2.17,USD,0.0,USD,domestic_card_not_present,,0.025
2026-02-28T00:00:00.000Z,2026-04-29T11:27:54.785Z,gid://shopify/Order/7668636811454,#1301,2026-04-23T18:29:03Z,2026-04-23T18:28:59Z,PAID,50.15,USD,gid://shopify/OrderTransaction/9229952581822,CAPTURE,SUCCESS,shopify_payments,2026-04-23T18:29:04Z,2026-04-23T18:29:04Z,50.15,USD,processing_fee,1.55,USD,0.0,USD,domestic_card_not_present,,0.025
2026-02-28T00:00:00.000Z,2026-04-29T11:27:54.785Z,gid://shopify/Order/7668690256062,#1302,2026-04-23T18:49:53Z,2026-04-23T18:49:51Z,PAID,50.15,USD,gid://shopify/OrderTransaction/9230018642110,CAPTURE,SUCCESS,shopify_payments,2026-04-23T18:49:53Z,2026-04-23T18:49:53Z,50.15,USD,processing_fee,2.24,USD,0.0,USD,paypal_domestic_card_not_present,,0.0349
2026-02-28T00:00:00.000Z,2026-04-29T11:27:54.785Z,gid://shopify/Order/7668827717822,#1303,2026-04-23T19:50:00Z,2026-04-23T19:49:57Z,PAID,59.0,USD,gid://shopify/OrderTransaction/9230194868414,SALE,SUCCESS,shopify_payments,2026-04-23T19:49:57Z,2026-04-23T19:49:57Z,59.0,USD,processing_fee,1.78,USD,0.0,USD,domestic_card_not_present,,0.025
2026-02-28T00:00:00.000Z,2026-04-29T11:27:54.785Z,gid://shopify/Order/7668839809214,#1304,2026-04-23T19:55:32Z,2026-04-23T19:55:29Z,PAID,50.15,USD,gid://shopify/OrderTransaction/9230211219646,CAPTURE,SUCCESS,shopify_payments,2026-04-23T19:55:33Z,2026-04-23T19:55:33Z,50.15,USD,processing_fee,1.55,USD,0.0,USD,domestic_card_not_present,,0.025
2026-02-28T00:00:00.000Z,2026-04-29T11:27:54.785Z,gid://shopify/Order/7668951548094,#1306,2026-04-23T20:49:09Z,2026-04-23T20:49:06Z,PAID,88.0,USD,gid://shopify/OrderTransaction/9230380499134,CAPTURE,SUCCESS,shopify_payments,2026-04-23T20:49:10Z,2026-04-23T20:49:10Z,88.0,USD,processing_fee,2.5,USD,0.0,USD,domestic_card_not_present,,0.025
2026-02-28T00:00:00.000Z,2026-04-29T11:27:54.785Z,gid://shopify/Order/7669039104190,#1307,2026-04-23T21:30:21Z,2026-04-23T21:30:18Z,PAID,59.0,USD,gid://shopify/OrderTransaction/9230522712254,CAPTURE,SUCCESS,shopify_payments,2026-04-23T21:30:23Z,2026-04-23T21:30:23Z,59.0,USD,processing_fee,1.78,USD,0.0,USD,domestic_card_not_present,,0.025
2026-02-28T00:00:00.000Z,2026-04-29T11:27:54.785Z,gid://shopify/Order/7669060108478,#1308,2026-04-23T21:42:03Z,2026-04-23T21:42:02Z,PAID,50.15,USD,gid://shopify/OrderTransaction/9230551482558,CAPTURE,SUCCESS,shopify_payments,2026-04-23T21:42:04Z,2026-04-23T21:42:04Z,50.15,USD,processing_fee,2.24,USD,0.0,USD,paypal_domestic_card_not_present,,0.0349
2026-02-28T00:00:00.000Z,2026-04-29T11:27:54.785Z,gid://shopify/Order/7669148418238,#1309,2026-04-23T22:30:45Z,2026-04-23T22:30:44Z,PAID,50.15,USD,gid://shopify/OrderTransaction/9230672101566,CAPTURE,SUCCESS,shopify_payments,2026-04-23T22:30:46Z,2026-04-23T22:30:46Z,50.15,USD,processing_fee,2.24,USD,0.0,USD,paypal_domestic_card_not_present,,0.0349
2026-02-28T00:00:00.000Z,2026-04-29T11:27:54.785Z,gid://shopify/Order/7669366194366,#1310,2026-04-24T00:52:15Z,2026-04-24T00:52:11Z,PAID,110.0,USD,gid://shopify/OrderTransaction/9230968488126,CAPTURE,SUCCESS,shopify_payments,2026-04-24T00:52:16Z,2026-04-24T00:52:16Z,110.0,USD,processing_fee,3.05,USD,0.0,USD,domestic_card_not_present,,0.025
2026-02-28T00:00:00.000Z,2026-04-29T11:27:54.785Z,gid://shopify/Order/7669405876414,#1311,2026-04-24T01:18:44Z,2026-04-24T01:18:41Z,PAID,59.0,USD,gid://shopify/OrderTransaction/9231020589246,CAPTURE,SUCCESS,shopify_payments,2026-04-24T01:18:46Z,2026-04-24T01:18:46Z,59.0,USD,processing_fee,1.78,USD,0.0,USD,domestic_card_not_present,,0.025
2026-02-28T00:00:00.000Z,2026-04-29T11:27:54.785Z,gid://shopify/Order/7669485011134,#1312,2026-04-24T02:12:40Z,2026-04-24T02:12:37Z,PAID,139.0,USD,gid://shopify/OrderTransaction/9231133081790,SALE,SUCCESS,shopify_payments,2026-04-24T02:12:38Z,2026-04-24T02:12:38Z,139.0,USD,processing_fee,3.78,USD,0.0,USD,domestic_card_not_present,,0.025
2026-02-28T00:00:00.000Z,2026-04-29T11:27:54.785Z,gid://shopify/Order/7669493629118,#1313,2026-04-24T02:18:38Z,2026-04-24T02:18:36Z,PAID,59.0,USD,gid://shopify/OrderTransaction/9231145271486,CAPTURE,SUCCESS,shopify_payments,2026-04-24T02:18:39Z,2026-04-24T02:18:39Z,59.0,USD,processing_fee,1.78,USD,0.0,USD,domestic_card_not_present,,0.025
2026-02-28T00:00:00.000Z,2026-04-29T11:27:54.785Z,gid://shopify/Order/7669875409086,#1315,2026-04-24T07:01:24Z,2026-04-24T07:01:20Z,PAID,59.0,USD,gid://shopify/OrderTransaction/9231640985790,CAPTURE,SUCCESS,shopify_payments,2026-04-24T07:01:25Z,2026-04-24T07:01:25Z,59.0,USD,processing_fee,2.13,USD,0.0,USD,amex_card_not_present,,0.031
2026-02-28T00:00:00.000Z,2026-04-29T11:27:54.785Z,gid://shopify/Order/7670250111166,#1316,2026-04-24T12:47:10Z,2026-04-24T12:47:06Z,PAID,59.0,USD,gid://shopify/OrderTransaction/9232174907582,CAPTURE,SUCCESS,shopify_payments,2026-04-24T12:47:12Z,2026-04-24T12:47:12Z,59.0,USD,processing_fee,1.78,USD,0.0,USD,domestic_card_not_present,,0.025
2026-02-28T00:00:00.000Z,2026-04-29T11:27:54.785Z,gid://shopify/Order/7670279012542,#1317,2026-04-24T13:03:57Z,2026-04-24T13:03:53Z,PAID,59.0,USD,gid://shopify/OrderTransaction/9232212164798,CAPTURE,SUCCESS,shopify_payments,2026-04-24T13:03:58Z,2026-04-24T13:03:58Z,59.0,USD,processing_fee,1.78,USD,0.0,USD,domestic_card_not_present,,0.025
2026-02-28T00:00:00.000Z,2026-04-29T11:27:54.785Z,gid://shopify/Order/7670294544574,#1318,2026-04-24T13:13:16Z,2026-04-24T13:13:12Z,PAID,59.0,USD,gid://shopify/OrderTransaction/9232232644798,CAPTURE,SUCCESS,shopify_payments,2026-04-24T13:13:17Z,2026-04-24T13:13:17Z,59.0,USD,processing_fee,1.78,USD,0.0,USD,domestic_card_not_present,,0.025
2026-02-28T00:00:00.000Z,2026-04-29T11:27:54.785Z,gid://shopify/Order/7670376661182,#1319,2026-04-24T13:58:35Z,2026-04-24T13:58:30Z,PAID,50.15,USD,gid://shopify/OrderTransaction/9232335012030,CAPTURE,SUCCESS,shopify_payments,2026-04-24T13:58:36Z,2026-04-24T13:58:36Z,50.15,USD,processing_fee,1.55,USD,0.0,USD,domestic_card_not_present,,0.025
2026-02-28T00:00:00.000Z,2026-04-29T11:27:54.785Z,gid://shopify/Order/7670580183230,#1320,2026-04-24T15:29:42Z,2026-04-24T15:29:38Z,PAID,59.0,USD,gid://shopify/OrderTransaction/9232587817150,CAPTURE,SUCCESS,shopify_payments,2026-04-24T15:29:43Z,2026-04-24T15:29:43Z,59.0,USD,processing_fee,1.78,USD,0.0,USD,domestic_card_not_present,,0.025
2026-02-28T00:00:00.000Z,2026-04-29T11:27:54.785Z,gid://shopify/Order/7671019176126,#1322,2026-04-24T18:06:52Z,2026-04-24T18:06:49Z,PAID,59.0,USD,gid://shopify/OrderTransaction/9233103388862,CAPTURE,SUCCESS,shopify_payments,2026-04-24T18:06:54Z,2026-04-24T18:06:54Z,59.0,USD,processing_fee,1.78,USD,0.0,USD,domestic_card_not_present,,0.025
2026-02-28T00:00:00.000Z,2026-04-29T11:27:54.785Z,gid://shopify/Order/7671147495614,#1324,2026-04-24T19:02:03Z,2026-04-24T19:02:01Z,PAID,59.0,USD,gid://shopify/OrderTransaction/9233265164478,CAPTURE,SUCCESS,shopify_payments,2026-04-24T19:02:05Z,2026-04-24T19:02:05Z,59.0,USD,processing_fee,1.78,USD,0.0,USD,domestic_card_not_present,,0.025
2026-02-28T00:00:00.000Z,2026-04-29T11:27:54.785Z,gid://shopify/Order/7671224959166,#1325,2026-04-24T19:36:41Z,2026-04-24T19:36:37Z,PAID,50.15,USD,gid://shopify/OrderTransaction/9233368613054,CAPTURE,SUCCESS,shopify_payments,2026-04-24T19:36:43Z,2026-04-24T19:36:43Z,50.15,USD,processing_fee,1.55,USD,0.0,USD,domestic_card_not_present,,0.025
2026-02-28T00:00:00.000Z,2026-04-29T11:27:54.785Z,gid://shopify/Order/7671245308094,#1326,2026-04-24T19:46:38Z,2026-04-24T19:46:34Z,PAID,59.0,USD,gid://shopify/OrderTransaction/9233398464702,CAPTURE,SUCCESS,shopify_payments,2026-04-24T19:46:40Z,2026-04-24T19:46:40Z,59.0,USD,processing_fee,2.13,USD,0.0,USD,amex_card_not_present,,0.031
2026-02-28T00:00:00.000Z,2026-04-29T11:27:54.785Z,gid://shopify/Order/7671333814462,#1327,2026-04-24T20:31:47Z,2026-04-24T20:31:46Z,PAID,59.0,USD,gid://shopify/OrderTransaction/9233533731006,CAPTURE,SUCCESS,shopify_payments,2026-04-24T20:31:48Z,2026-04-24T20:31:48Z,59.0,USD,processing_fee,2.55,USD,0.0,USD,paypal_domestic_card_not_present,,0.0349
2026-02-28T00:00:00.000Z,2026-04-29T11:27:54.785Z,gid://shopify/Order/7671385260222,#1328,2026-04-24T20:55:33Z,2026-04-24T20:55:31Z,PAID,59.0,USD,gid://shopify/OrderTransaction/9233626628286,CAPTURE,SUCCESS,shopify_payments,2026-04-24T20:55:34Z,2026-04-24T20:55:34Z,59.0,USD,processing_fee,2.55,USD,0.0,USD,paypal_domestic_card_not_present,,0.0349
2026-02-28T00:00:00.000Z,2026-04-29T11:27:54.785Z,gid://shopify/Order/7671432609982,#1329,2026-04-24T21:22:05Z,2026-04-24T21:22:03Z,PAID,59.0,USD,gid://shopify/OrderTransaction/9233695080638,CAPTURE,SUCCESS,shopify_payments,2026-04-24T21:22:07Z,2026-04-24T21:22:07Z,59.0,USD,processing_fee,1.78,USD,0.0,USD,domestic_card_not_present,,0.025
2026-02-28T00:00:00.000Z,2026-04-29T11:27:54.785Z,gid://shopify/Order/7671480385726,#1330,2026-04-24T21:48:10Z,2026-04-24T21:48:05Z,PAID,59.0,USD,gid://shopify/OrderTransaction/9233760223422,CAPTURE,SUCCESS,shopify_payments,2026-04-24T21:48:11Z,2026-04-24T21:48:11Z,59.0,USD,processing_fee,1.78,USD,0.0,USD,domestic_card_not_present,,0.025
2026-02-28T00:00:00.000Z,2026-04-29T11:27:54.785Z,gid://shopify/Order/7671591076030,#1331,2026-04-24T22:57:23Z,2026-04-24T22:57:20Z,PAID,59.0,USD,gid://shopify/OrderTransaction/9233919639742,CAPTURE,SUCCESS,shopify_payments,2026-04-24T22:57:25Z,2026-04-24T22:57:25Z,59.0,USD,processing_fee,2.13,USD,0.0,USD,amex_card_not_present,,0.031
2026-02-28T00:00:00.000Z,2026-04-29T11:27:54.785Z,gid://shopify/Order/7671632560318,#1332,2026-04-24T23:25:46Z,2026-04-24T23:25:45Z,PAID,47.2,USD,gid://shopify/OrderTransaction/9233979441342,CAPTURE,SUCCESS,shopify_payments,2026-04-24T23:25:47Z,2026-04-24T23:25:47Z,47.2,USD,processing_fee,2.14,USD,0.0,USD,paypal_domestic_card_not_present,,0.0349
2026-02-28T00:00:00.000Z,2026-04-29T11:27:54.785Z,gid://shopify/Order/7671782932670,#1333,2026-04-25T01:13:51Z,2026-04-25T01:13:48Z,PAID,47.2,USD,gid://shopify/OrderTransaction/9234193547454,CAPTURE,SUCCESS,shopify_payments,2026-04-25T01:13:52Z,2026-04-25T01:13:52Z,47.2,USD,processing_fee,1.76,USD,0.0,USD,premium_domestic_card_not_present,,0.031
2026-02-28T00:00:00.000Z,2026-04-29T11:27:54.785Z,gid://shopify/Order/7671798792382,#1334,2026-04-25T01:26:04Z,2026-04-25T01:26:01Z,PAID,50.15,USD,gid://shopify/OrderTransaction/9234217271486,CAPTURE,SUCCESS,shopify_payments,2026-04-25T01:26:05Z,2026-04-25T01:26:05Z,50.15,USD,processing_fee,1.55,USD,0.0,USD,domestic_card_not_present,,0.025
2026-02-28T00:00:00.000Z,2026-04-29T11:27:54.785Z,gid://shopify/Order/7672068899006,#1335,2026-04-25T02:30:23Z,2026-04-25T02:30:19Z,PAID,50.15,USD,gid://shopify/OrderTransaction/9234324553918,CAPTURE,SUCCESS,shopify_payments,2026-04-25T02:30:24Z,2026-04-25T02:30:24Z,50.15,USD,processing_fee,1.55,USD,0.0,USD,domestic_card_not_present,,0.025
2026-02-28T00:00:00.000Z,2026-04-29T11:27:54.785Z,gid://shopify/Order/7672093671614,#1336,2026-04-25T02:50:28Z,2026-04-25T02:50:24Z,PAID,59.0,USD,gid://shopify/OrderTransaction/9234359517374,CAPTURE,SUCCESS,shopify_payments,2026-04-25T02:50:29Z,2026-04-25T02:50:29Z,59.0,USD,processing_fee,1.78,USD,0.0,USD,domestic_card_not_present,,0.025
2026-02-28T00:00:00.000Z,2026-04-29T11:27:54.785Z,gid://shopify/Order/7672098422974,#1337,2026-04-25T02:54:23Z,2026-04-25T02:54:19Z,PAID,59.0,USD,gid://shopify/OrderTransaction/9234365415614,CAPTURE,SUCCESS,shopify_payments,2026-04-25T02:54:24Z,2026-04-25T02:54:24Z,59.0,USD,processing_fee,1.78,USD,0.0,USD,domestic_card_not_present,,0.025
2026-02-28T00:00:00.000Z,2026-04-29T11:27:54.785Z,gid://shopify/Order/7672209539262,#1339,2026-04-25T04:16:04Z,2026-04-25T04:15:59Z,PAID,59.0,USD,gid://shopify/OrderTransaction/9234513854654,SALE,SUCCESS,shopify_payments,2026-04-25T04:16:00Z,2026-04-25T04:16:00Z,59.0,USD,processing_fee,1.78,USD,0.0,USD,domestic_card_not_present,,0.025
2026-02-28T00:00:00.000Z,2026-04-29T11:27:54.785Z,gid://shopify/Order/7672650399934,#1340,2026-04-25T11:45:05Z,2026-04-25T11:45:01Z,PAID,50.15,USD,gid://shopify/OrderTransaction/9235129925822,CAPTURE,SUCCESS,shopify_payments,2026-04-25T11:45:06Z,2026-04-25T11:45:06Z,50.15,USD,processing_fee,1.55,USD,0.0,USD,domestic_card_not_present,,0.025
2026-02-28T00:00:00.000Z,2026-04-29T11:27:54.785Z,gid://shopify/Order/7672684052670,#1341,2026-04-25T12:12:02Z,2026-04-25T12:11:59Z,PAID,59.0,USD,gid://shopify/OrderTransaction/9235176489150,CAPTURE,SUCCESS,shopify_payments,2026-04-25T12:12:03Z,2026-04-25T12:12:03Z,59.0,USD,processing_fee,1.78,USD,0.0,USD,domestic_card_not_present,,0.025
2026-02-28T00:00:00.000Z,2026-04-29T11:27:54.785Z,gid://shopify/Order/7672703844542,#1342,2026-04-25T12:31:39Z,2026-04-25T12:31:36Z,PAID,59.0,USD,gid://shopify/OrderTransaction/9235205685438,CAPTURE,SUCCESS,shopify_payments,2026-04-25T12:31:41Z,2026-04-25T12:31:41Z,59.0,USD,processing_fee,1.78,USD,0.0,USD,domestic_card_not_present,,0.025
2026-02-28T00:00:00.000Z,2026-04-29T11:27:54.785Z,gid://shopify/Order/7672807096510,#1344,2026-04-25T13:55:01Z,2026-04-25T13:54:58Z,PAID,59.0,USD,gid://shopify/OrderTransaction/9235341803710,CAPTURE,SUCCESS,shopify_payments,2026-04-25T13:55:03Z,2026-04-25T13:55:03Z,59.0,USD,processing_fee,2.13,USD,0.0,USD,amex_card_not_present,,0.031
2026-02-28T00:00:00.000Z,2026-04-29T11:27:54.785Z,gid://shopify/Order/7672882299070,#1345,2026-04-25T14:43:57Z,2026-04-25T14:43:54Z,PAID,50.15,USD,gid://shopify/OrderTransaction/9235444957374,CAPTURE,SUCCESS,shopify_payments,2026-04-25T14:43:58Z,2026-04-25T14:43:58Z,50.15,USD,processing_fee,1.85,USD,0.0,USD,amex_card_not_present,,0.031
2026-02-28T00:00:00.000Z,2026-04-29T11:27:54.785Z,gid://shopify/Order/7672983879870,#1346,2026-04-25T15:39:21Z,2026-04-25T15:39:17Z,PAID,50.15,USD,gid://shopify/OrderTransaction/9235585106110,CAPTURE,SUCCESS,shopify_payments,2026-04-25T15:39:23Z,2026-04-25T15:39:23Z,50.15,USD,processing_fee,1.85,USD,0.0,USD,amex_card_not_present,,0.031
2026-02-28T00:00:00.000Z,2026-04-29T11:27:54.785Z,gid://shopify/Order/7673017073854,#1347,2026-04-25T15:57:38Z,2026-04-25T15:57:35Z,PAID,50.15,USD,gid://shopify/OrderTransaction/9235632652478,CAPTURE,SUCCESS,shopify_payments,2026-04-25T15:57:39Z,2026-04-25T15:57:39Z,50.15,USD,processing_fee,1.85,USD,0.0,USD,amex_card_not_present,,0.031
2026-02-28T00:00:00.000Z,2026-04-29T11:27:54.785Z,gid://shopify/Order/7673046794430,#1348,2026-04-25T16:12:26Z,2026-04-25T16:12:22Z,PAID,59.0,USD,gid://shopify/OrderTransaction/9235673776318,CAPTURE,SUCCESS,shopify_payments,2026-04-25T16:12:28Z,2026-04-25T16:12:28Z,59.0,USD,processing_fee,2.13,USD,0.0,USD,amex_card_not_present,,0.031
2026-02-28T00:00:00.000Z,2026-04-29T11:27:54.785Z,gid://shopify/Order/7673248415934,#1350,2026-04-25T17:45:15Z,2026-04-25T17:45:12Z,PAID,59.0,USD,gid://shopify/OrderTransaction/9235931627710,CAPTURE,SUCCESS,shopify_payments,2026-04-25T17:45:16Z,2026-04-25T17:45:16Z,59.0,USD,processing_fee,1.78,USD,0.0,USD,domestic_card_not_present,,0.025
2026-02-28T00:00:00.000Z,2026-04-29T11:27:54.785Z,gid://shopify/Order/7673297797310,#1351,2026-04-25T18:11:02Z,2026-04-25T18:10:58Z,PAID,170.2,USD,gid://shopify/OrderTransaction/9235999981758,CAPTURE,SUCCESS,shopify_payments,2026-04-25T18:11:03Z,2026-04-25T18:11:03Z,147.0,USD,processing_fee,3.98,USD,0.0,USD,domestic_card_not_present,,0.025
2026-02-28T00:00:00.000Z,2026-04-29T11:27:54.785Z,gid://shopify/Order/7673297797310,#1351,2026-04-25T18:11:02Z,2026-04-25T18:10:58Z,PAID,170.2,USD,gid://shopify/OrderTransaction/9236000637118,SALE,SUCCESS,shopify_payments,2026-04-25T18:11:20Z,2026-04-25T18:11:20Z,23.2,USD,processing_fee,0.88,USD,0.0,USD,domestic_card_not_present,,0.025
2026-02-28T00:00:00.000Z,2026-04-29T11:27:54.785Z,gid://shopify/Order/7673309003966,#1352,2026-04-25T18:16:39Z,2026-04-25T18:16:36Z,PAID,110.0,USD,gid://shopify/OrderTransaction/9236016660670,CAPTURE,SUCCESS,shopify_payments,2026-04-25T18:16:40Z,2026-04-25T18:16:40Z,110.0,USD,processing_fee,3.05,USD,0.0,USD,domestic_card_not_present,,0.025
2026-02-28T00:00:00.000Z,2026-04-29T11:27:54.785Z,gid://shopify/Order/7673335054526,#1353,2026-04-25T18:29:50Z,2026-04-25T18:29:49Z,PAID,50.15,USD,gid://shopify/OrderTransaction/9236051296446,CAPTURE,SUCCESS,shopify_payments,2026-04-25T18:29:51Z,2026-04-25T18:29:51Z,50.15,USD,processing_fee,2.24,USD,0.0,USD,paypal_domestic_card_not_present,,0.0349
2026-02-28T00:00:00.000Z,2026-04-29T11:27:54.785Z,gid://shopify/Order/7673541591230,#1354,2026-04-25T20:17:08Z,2026-04-25T20:17:04Z,PAID,59.0,USD,gid://shopify/OrderTransaction/9236349124798,CAPTURE,SUCCESS,shopify_payments,2026-04-25T20:17:10Z,2026-04-25T20:17:10Z,59.0,USD,processing_fee,2.13,USD,0.0,USD,premium_domestic_card_not_present,,0.031
2026-02-28T00:00:00.000Z,2026-04-29T11:27:54.785Z,gid://shopify/Order/7673732726974,#1356,2026-04-25T22:11:00Z,2026-04-25T22:10:58Z,PAID,59.0,USD,gid://shopify/OrderTransaction/9236625686718,SALE,SUCCESS,shopify_payments,2026-04-25T22:10:55Z,2026-04-25T22:10:55Z,59.0,USD,processing_fee,2.55,USD,0.0,USD,paypal_domestic_card_not_present,,0.0349
2026-02-28T00:00:00.000Z,2026-04-29T11:27:54.785Z,gid://shopify/Order/7673745572030,#1357,2026-04-25T22:21:39Z,2026-04-25T22:21:35Z,PAID,50.15,USD,gid://shopify/OrderTransaction/9236643512510,CAPTURE,SUCCESS,shopify_payments,2026-04-25T22:21:40Z,2026-04-25T22:21:40Z,50.15,USD,processing_fee,1.55,USD,0.0,USD,domestic_card_not_present,,0.025
2026-02-28T00:00:00.000Z,2026-04-29T11:27:54.785Z,gid://shopify/Order/7673790267582,#1358,2026-04-25T22:53:54Z,2026-04-25T22:53:52Z,PAID,59.0,USD,gid://shopify/OrderTransaction/9236702232766,CAPTURE,SUCCESS,shopify_payments,2026-04-25T22:53:56Z,2026-04-25T22:53:56Z,59.0,USD,processing_fee,1.78,USD,0.0,USD,domestic_card_not_present,,0.025
2026-02-28T00:00:00.000Z,2026-04-29T11:27:54.785Z,gid://shopify/Order/7673794429118,#1359,2026-04-25T22:57:19Z,2026-04-25T22:57:14Z,PAID,50.15,USD,gid://shopify/OrderTransaction/9236707180734,SALE,SUCCESS,shopify_payments,2026-04-25T22:57:15Z,2026-04-25T22:57:15Z,50.15,USD,processing_fee,1.55,USD,0.0,USD,domestic_card_not_present,,0.025
2026-02-28T00:00:00.000Z,2026-04-29T11:27:54.785Z,gid://shopify/Order/7673860620478,#1361,2026-04-25T23:46:53Z,2026-04-25T23:46:50Z,PAID,88.0,USD,gid://shopify/OrderTransaction/9236797161662,CAPTURE,SUCCESS,shopify_payments,2026-04-25T23:46:55Z,2026-04-25T23:46:55Z,88.0,USD,processing_fee,2.5,USD,0.0,USD,domestic_card_not_present,,0.025
2026-02-28T00:00:00.000Z,2026-04-29T11:27:54.785Z,gid://shopify/Order/7674247610558,#1362,2026-04-26T04:36:22Z,2026-04-26T04:36:18Z,PAID,50.15,USD,gid://shopify/OrderTransaction/9237309456574,CAPTURE,SUCCESS,shopify_payments,2026-04-26T04:36:23Z,2026-04-26T04:36:23Z,50.15,USD,processing_fee,1.55,USD,0.0,USD,domestic_card_not_present,,0.025
2026-02-28T00:00:00.000Z,2026-04-29T11:27:54.785Z,gid://shopify/Order/7674437107902,#1363,2026-04-26T07:18:20Z,2026-04-26T07:18:19Z,PAID,88.0,USD,gid://shopify/OrderTransaction/9237568028862,CAPTURE,SUCCESS,shopify_payments,2026-04-26T07:18:21Z,2026-04-26T07:18:21Z,88.0,USD,processing_fee,3.56,USD,0.0,USD,paypal_domestic_card_not_present,,0.0349
2026-02-28T00:00:00.000Z,2026-04-29T11:27:54.785Z,gid://shopify/Order/7674704363710,#1365,2026-04-26T12:20:37Z,2026-04-26T12:20:33Z,PAID,59.0,USD,gid://shopify/OrderTransaction/9237935194302,CAPTURE,SUCCESS,shopify_payments,2026-04-26T12:20:38Z,2026-04-26T12:20:38Z,59.0,USD,processing_fee,1.78,USD,0.0,USD,domestic_card_not_present,,0.025
2026-02-28T00:00:00.000Z,2026-04-29T11:27:54.785Z,gid://shopify/Order/7674708983998,#1366,2026-04-26T12:24:52Z,2026-04-26T12:24:47Z,PAID,50.15,USD,gid://shopify/OrderTransaction/9237940797630,CAPTURE,SUCCESS,shopify_payments,2026-04-26T12:24:53Z,2026-04-26T12:24:53Z,50.15,USD,processing_fee,1.55,USD,0.0,USD,domestic_card_not_present,,0.025
2026-02-28T00:00:00.000Z,2026-04-29T11:27:54.785Z,gid://shopify/Order/7674871611582,#1367,2026-04-26T14:36:53Z,2026-04-26T14:36:52Z,PAID,59.0,USD,gid://shopify/OrderTransaction/9238162997438,CAPTURE,SUCCESS,shopify_payments,2026-04-26T14:36:54Z,2026-04-26T14:36:54Z,59.0,USD,processing_fee,2.55,USD,0.0,USD,paypal_domestic_card_not_present,,0.0349
2026-02-28T00:00:00.000Z,2026-04-29T11:27:54.785Z,gid://shopify/Order/7674880393406,#1368,2026-04-26T14:42:38Z,2026-04-26T14:42:37Z,PAID,59.0,USD,gid://shopify/OrderTransaction/9238174171326,CAPTURE,SUCCESS,shopify_payments,2026-04-26T14:42:38Z,2026-04-26T14:42:38Z,59.0,USD,processing_fee,2.55,USD,0.0,USD,paypal_domestic_card_not_present,,0.0349
2026-02-28T00:00:00.000Z,2026-04-29T11:27:54.785Z,gid://shopify/Order/7674968735934,#1369,2026-04-26T15:37:31Z,2026-04-26T15:37:29Z,PAID,59.0,USD,gid://shopify/OrderTransaction/9238293512382,CAPTURE,SUCCESS,shopify_payments,2026-04-26T15:37:32Z,2026-04-26T15:37:32Z,59.0,USD,processing_fee,2.55,USD,0.0,USD,paypal_domestic_card_not_present,,0.0349
2026-02-28T00:00:00.000Z,2026-04-29T11:27:54.785Z,gid://shopify/Order/7675070808254,#1371,2026-04-26T16:34:13Z,2026-04-26T16:34:09Z,PAID,110.0,USD,gid://shopify/OrderTransaction/9238428418238,SALE,SUCCESS,shopify_payments,2026-04-26T16:34:10Z,2026-04-26T16:34:10Z,110.0,USD,processing_fee,3.05,USD,0.0,USD,domestic_card_not_present,,0.025
2026-02-28T00:00:00.000Z,2026-04-29T11:27:54.785Z,gid://shopify/Order/7675272626366,#1372,2026-04-26T18:18:09Z,2026-04-26T18:18:08Z,PAID,47.2,USD,gid://shopify/OrderTransaction/9238699376830,CAPTURE,SUCCESS,shopify_payments,2026-04-26T18:18:10Z,2026-04-26T18:18:10Z,47.2,USD,processing_fee,2.14,USD,0.0,USD,paypal_domestic_card_not_present,,0.0349
2026-02-28T00:00:00.000Z,2026-04-29T11:27:54.785Z,gid://shopify/Order/7675298250942,#1373,2026-04-26T18:32:20Z,2026-04-26T18:32:15Z,PAID,50.15,USD,gid://shopify/OrderTransaction/9238734504126,CAPTURE,SUCCESS,shopify_payments,2026-04-26T18:32:21Z,2026-04-26T18:32:21Z,50.15,USD,processing_fee,1.55,USD,0.0,USD,domestic_card_not_present,,0.025
2026-02-28T00:00:00.000Z,2026-04-29T11:27:54.785Z,gid://shopify/Order/7675536015550,#1374,2026-04-26T20:38:33Z,2026-04-26T20:38:30Z,PAID,50.15,USD,gid://shopify/OrderTransaction/9239067132094,CAPTURE,SUCCESS,shopify_payments,2026-04-26T20:38:34Z,2026-04-26T20:38:34Z,50.15,USD,processing_fee,1.55,USD,0.0,USD,domestic_card_not_present,,0.025
2026-02-28T00:00:00.000Z,2026-04-29T11:27:54.785Z,gid://shopify/Order/7675552694462,#1375,2026-04-26T20:48:50Z,2026-04-26T20:48:47Z,PAID,106.2,USD,gid://shopify/OrderTransaction/9239092035774,CAPTURE,SUCCESS,shopify_payments,2026-04-26T20:48:52Z,2026-04-26T20:48:52Z,59.0,USD,processing_fee,1.78,USD,0.0,USD,domestic_card_not_present,,0.025
2026-02-28T00:00:00.000Z,2026-04-29T11:27:54.785Z,gid://shopify/Order/7675552694462,#1375,2026-04-26T20:48:50Z,2026-04-26T20:48:47Z,PAID,106.2,USD,gid://shopify/OrderTransaction/9239093739710,SALE,SUCCESS,shopify_payments,2026-04-26T20:49:10Z,2026-04-26T20:49:10Z,47.2,USD,processing_fee,1.48,USD,0.0,USD,domestic_card_not_present,,0.025
2026-02-28T00:00:00.000Z,2026-04-29T11:27:54.785Z,gid://shopify/Order/7675559149758,#1376,2026-04-26T20:52:40Z,2026-04-26T20:52:34Z,PAID,50.15,USD,gid://shopify/OrderTransaction/9239104487614,CAPTURE,SUCCESS,shopify_payments,2026-04-26T20:52:41Z,2026-04-26T20:52:41Z,50.15,USD,processing_fee,1.55,USD,0.0,USD,domestic_card_not_present,,0.025
2026-02-28T00:00:00.000Z,2026-04-29T11:27:54.785Z,gid://shopify/Order/7675697758398,#1378,2026-04-26T22:17:13Z,2026-04-26T22:17:10Z,PAID,50.15,USD,gid://shopify/OrderTransaction/9239302537406,CAPTURE,SUCCESS,shopify_payments,2026-04-26T22:17:14Z,2026-04-26T22:17:14Z,50.15,USD,processing_fee,1.55,USD,0.0,USD,domestic_card_not_present,,0.025
2026-02-28T00:00:00.000Z,2026-04-29T11:27:54.785Z,gid://shopify/Order/7675700478142,#1379,2026-04-26T22:19:16Z,2026-04-26T22:19:13Z,PAID,50.15,USD,gid://shopify/OrderTransaction/9239306076350,CAPTURE,SUCCESS,shopify_payments,2026-04-26T22:19:17Z,2026-04-26T22:19:17Z,50.15,USD,processing_fee,1.85,USD,0.0,USD,amex_card_not_present,,0.031
2026-02-28T00:00:00.000Z,2026-04-29T11:27:54.785Z,gid://shopify/Order/7675998044350,#1381,2026-04-27T01:52:03Z,2026-04-27T01:52:02Z,PAID,106.2,USD,gid://shopify/OrderTransaction/9239707418814,CAPTURE,SUCCESS,shopify_payments,2026-04-27T01:52:04Z,2026-04-27T01:52:04Z,59.0,USD,processing_fee,2.55,USD,0.0,USD,paypal_domestic_card_not_present,,0.0349
2026-02-28T00:00:00.000Z,2026-04-29T11:27:54.785Z,gid://shopify/Order/7675998044350,#1381,2026-04-27T01:52:03Z,2026-04-27T01:52:02Z,PAID,106.2,USD,gid://shopify/OrderTransaction/9239708303550,SALE,SUCCESS,shopify_payments,2026-04-27T01:52:18Z,2026-04-27T01:52:18Z,47.2,USD,processing_fee,2.14,USD,0.0,USD,paypal_domestic_card_not_present,,0.0349
2026-02-28T00:00:00.000Z,2026-04-29T11:27:54.785Z,gid://shopify/Order/7676009742526,#1382,2026-04-27T02:00:26Z,2026-04-27T02:00:25Z,PAID,59.0,USD,gid://shopify/OrderTransaction/9239722623166,CAPTURE,SUCCESS,shopify_payments,2026-04-27T02:00:27Z,2026-04-27T02:00:27Z,59.0,USD,processing_fee,2.55,USD,0.0,USD,paypal_domestic_card_not_present,,0.0349
2026-02-28T00:00:00.000Z,2026-04-29T11:27:54.785Z,gid://shopify/Order/7676175089854,#1384,2026-04-27T04:07:09Z,2026-04-27T04:07:07Z,PAID,59.0,USD,gid://shopify/OrderTransaction/9239944528062,CAPTURE,SUCCESS,shopify_payments,2026-04-27T04:07:10Z,2026-04-27T04:07:10Z,59.0,USD,processing_fee,2.55,USD,0.0,USD,paypal_domestic_card_not_present,,0.0349
2026-02-28T00:00:00.000Z,2026-04-29T11:27:54.785Z,gid://shopify/Order/7676241019070,#1385,2026-04-27T04:49:52Z,2026-04-27T04:49:47Z,PAID,88.0,USD,gid://shopify/OrderTransaction/9240028774590,CAPTURE,SUCCESS,shopify_payments,2026-04-27T04:49:53Z,2026-04-27T04:49:53Z,88.0,USD,processing_fee,2.5,USD,0.0,USD,domestic_card_not_present,,0.025
2026-02-28T00:00:00.000Z,2026-04-29T11:27:54.785Z,gid://shopify/Order/7676424487102,#1386,2026-04-27T07:37:56Z,2026-04-27T07:37:53Z,PAID,59.0,USD,gid://shopify/OrderTransaction/9240279580862,CAPTURE,SUCCESS,shopify_payments,2026-04-27T07:37:59Z,2026-04-27T07:37:59Z,59.0,USD,processing_fee,1.78,USD,0.0,USD,domestic_card_not_present,,0.025
2026-02-28T00:00:00.000Z,2026-04-29T11:27:54.785Z,gid://shopify/Order/7676946022590,#1387,2026-04-27T11:41:45Z,2026-04-27T11:41:42Z,PAID,47.2,USD,gid://shopify/OrderTransaction/9240621613246,CAPTURE,SUCCESS,shopify_payments,2026-04-27T11:41:47Z,2026-04-27T11:41:47Z,47.2,USD,processing_fee,1.48,USD,0.0,USD,domestic_card_not_present,,0.025
2026-02-28T00:00:00.000Z,2026-04-29T11:27:54.785Z,gid://shopify/Order/7677041377470,#1388,2026-04-27T12:28:36Z,2026-04-27T12:28:35Z,PAID,147.0,USD,gid://shopify/OrderTransaction/9240696258750,CAPTURE,SUCCESS,shopify_payments,2026-04-27T12:28:36Z,2026-04-27T12:28:36Z,147.0,USD,processing_fee,5.62,USD,0.0,USD,paypal_domestic_card_not_present,,0.0349
2026-02-28T00:00:00.000Z,2026-04-29T11:27:54.785Z,gid://shopify/Order/7677069394110,#1389,2026-04-27T12:40:05Z,2026-04-27T12:40:03Z,PAID,50.15,USD,gid://shopify/OrderTransaction/9240717525182,CAPTURE,SUCCESS,shopify_payments,2026-04-27T12:40:07Z,2026-04-27T12:40:07Z,50.15,USD,processing_fee,1.55,USD,0.0,USD,domestic_card_not_present,,0.025
2026-02-28T00:00:00.000Z,2026-04-29T11:27:54.785Z,gid://shopify/Order/7677406249150,#1390,2026-04-27T14:49:06Z,2026-04-27T14:49:03Z,PAID,59.0,USD,gid://shopify/OrderTransaction/9241006866622,CAPTURE,SUCCESS,shopify_payments,2026-04-27T14:49:08Z,2026-04-27T14:49:08Z,59.0,USD,processing_fee,2.13,USD,0.0,USD,amex_card_not_present,,0.031
2026-02-28T00:00:00.000Z,2026-04-29T11:27:54.785Z,gid://shopify/Order/7677479026878,#1391,2026-04-27T15:12:11Z,2026-04-27T15:12:10Z,PAID,50.15,USD,gid://shopify/OrderTransaction/9241078661310,CAPTURE,SUCCESS,shopify_payments,2026-04-27T15:12:12Z,2026-04-27T15:12:12Z,50.15,USD,processing_fee,2.24,USD,0.0,USD,paypal_domestic_card_not_present,,0.0349
2026-02-28T00:00:00.000Z,2026-04-29T11:27:54.785Z,gid://shopify/Order/7677559931070,#1392,2026-04-27T15:38:25Z,2026-04-27T15:38:21Z,PAID,50.15,USD,gid://shopify/OrderTransaction/9241155076286,CAPTURE,SUCCESS,shopify_payments,2026-04-27T15:38:26Z,2026-04-27T15:38:26Z,50.15,USD,processing_fee,1.55,USD,0.0,USD,domestic_card_not_present,,0.025
2026-02-28T00:00:00.000Z,2026-04-29T11:27:54.785Z,gid://shopify/Order/7678287085758,#1393,2026-04-27T18:49:49Z,2026-04-27T18:49:46Z,PAID,59.0,USD,gid://shopify/OrderTransaction/9241839567038,CAPTURE,SUCCESS,shopify_payments,2026-04-27T18:49:50Z,2026-04-27T18:49:50Z,59.0,USD,processing_fee,2.13,USD,0.0,USD,amex_card_not_present,,0.031
2026-02-28T00:00:00.000Z,2026-04-29T11:27:54.785Z,gid://shopify/Order/7678329356478,#1394,2026-04-27T19:02:40Z,2026-04-27T19:02:36Z,PAID,50.15,USD,gid://shopify/OrderTransaction/9241876299966,CAPTURE,SUCCESS,shopify_payments,2026-04-27T19:02:41Z,2026-04-27T19:02:41Z,50.15,USD,processing_fee,1.55,USD,0.0,USD,domestic_card_not_present,,0.025
2026-02-28T00:00:00.000Z,2026-04-29T11:27:54.785Z,gid://shopify/Order/7678520164542,#1395,2026-04-27T20:07:33Z,2026-04-27T20:07:29Z,PAID,59.0,USD,gid://shopify/OrderTransaction/9242073104574,CAPTURE,SUCCESS,shopify_payments,2026-04-27T20:07:34Z,2026-04-27T20:07:34Z,59.0,USD,processing_fee,2.13,USD,0.0,USD,amex_card_not_present,,0.031
2026-02-28T00:00:00.000Z,2026-04-29T11:27:54.785Z,gid://shopify/Order/7678524063934,#1396,2026-04-27T20:09:00Z,2026-04-27T20:08:56Z,PAID,59.0,USD,gid://shopify/OrderTransaction/9242077790398,CAPTURE,SUCCESS,shopify_payments,2026-04-27T20:09:01Z,2026-04-27T20:09:01Z,59.0,USD,processing_fee,1.78,USD,0.0,USD,domestic_card_not_present,,0.025
2026-02-28T00:00:00.000Z,2026-04-29T11:27:54.785Z,gid://shopify/Order/7678673879230,#1397,2026-04-27T21:30:03Z,2026-04-27T21:30:00Z,PAID,82.2,USD,gid://shopify/OrderTransaction/9242300514494,CAPTURE,SUCCESS,shopify_payments,2026-04-27T21:30:06Z,2026-04-27T21:30:06Z,59.0,USD,processing_fee,1.78,USD,0.0,USD,domestic_card_not_present,,0.025
2026-02-28T00:00:00.000Z,2026-04-29T11:27:54.785Z,gid://shopify/Order/7678673879230,#1397,2026-04-27T21:30:03Z,2026-04-27T21:30:00Z,PAID,82.2,USD,gid://shopify/OrderTransaction/9242301497534,SALE,SUCCESS,shopify_payments,2026-04-27T21:30:34Z,2026-04-27T21:30:34Z,23.2,USD,processing_fee,0.88,USD,0.0,USD,domestic_card_not_present,,0.025
2026-02-28T00:00:00.000Z,2026-04-29T11:27:54.785Z,gid://shopify/Order/7678797840574,#1398,2026-04-27T22:46:18Z,2026-04-27T22:46:15Z,PAID,59.0,USD,gid://shopify/OrderTransaction/9242474184894,CAPTURE,SUCCESS,shopify_payments,2026-04-27T22:46:19Z,2026-04-27T22:46:19Z,59.0,USD,processing_fee,1.78,USD,0.0,USD,domestic_card_not_present,,0.025
2026-02-28T00:00:00.000Z,2026-04-29T11:27:54.785Z,gid://shopify/Order/7678925603006,#1399,2026-04-28T00:09:00Z,2026-04-28T00:08:56Z,PAID,59.0,USD,gid://shopify/OrderTransaction/9242646937790,CAPTURE,SUCCESS,shopify_payments,2026-04-28T00:09:01Z,2026-04-28T00:09:01Z,59.0,USD,processing_fee,2.13,USD,0.0,USD,amex_card_not_present,,0.031
2026-02-28T00:00:00.000Z,2026-04-29T11:27:54.785Z,gid://shopify/Order/7679074631870,#1400,2026-04-28T01:50:16Z,2026-04-28T01:50:12Z,PAID,59.0,USD,gid://shopify/OrderTransaction/9242856227006,CAPTURE,SUCCESS,shopify_payments,2026-04-28T01:50:17Z,2026-04-28T01:50:17Z,59.0,USD,processing_fee,1.78,USD,0.0,USD,domestic_card_not_present,,0.025
2026-02-28T00:00:00.000Z,2026-04-29T11:27:54.785Z,gid://shopify/Order/7679157567678,#1401,2026-04-28T02:50:46Z,2026-04-28T02:50:42Z,PAID,47.2,USD,gid://shopify/OrderTransaction/9242982023358,CAPTURE,SUCCESS,shopify_payments,2026-04-28T02:50:47Z,2026-04-28T02:50:47Z,47.2,USD,processing_fee,1.48,USD,0.0,USD,domestic_card_not_present,,0.025
2026-02-28T00:00:00.000Z,2026-04-29T11:27:54.785Z,gid://shopify/Order/7679196332222,#1402,2026-04-28T03:18:14Z,2026-04-28T03:18:13Z,PAID,59.0,USD,gid://shopify/OrderTransaction/9243035599038,CAPTURE,SUCCESS,shopify_payments,2026-04-28T03:18:15Z,2026-04-28T03:18:15Z,59.0,USD,processing_fee,2.55,USD,0.0,USD,paypal_domestic_card_not_present,,0.0349
2026-02-28T00:00:00.000Z,2026-04-29T11:27:54.785Z,gid://shopify/Order/7679275860158,#1403,2026-04-28T04:16:26Z,2026-04-28T04:16:23Z,PAID,50.15,USD,gid://shopify/OrderTransaction/9243137704126,CAPTURE,SUCCESS,shopify_payments,2026-04-28T04:16:28Z,2026-04-28T04:16:28Z,50.15,USD,processing_fee,1.55,USD,0.0,USD,domestic_card_not_present,,0.025
2026-02-28T00:00:00.000Z,2026-04-29T11:27:54.785Z,gid://shopify/Order/7679517982910,#1405,2026-04-28T07:14:05Z,2026-04-28T07:14:04Z,PAID,47.2,USD,gid://shopify/OrderTransaction/9243458109630,CAPTURE,SUCCESS,shopify_payments,2026-04-28T07:14:05Z,2026-04-28T07:14:05Z,47.2,USD,processing_fee,2.14,USD,0.0,USD,paypal_domestic_card_not_present,,0.0349
2026-02-28T00:00:00.000Z,2026-04-29T11:27:54.785Z,gid://shopify/Order/7679715475646,#1406,2026-04-28T10:45:15Z,2026-04-28T10:45:12Z,PAID,59.0,USD,gid://shopify/OrderTransaction/9243740405950,CAPTURE,SUCCESS,shopify_payments,2026-04-28T10:45:17Z,2026-04-28T10:45:17Z,59.0,USD,processing_fee,1.78,USD,0.0,USD,domestic_card_not_present,,0.025
2026-02-28T00:00:00.000Z,2026-04-29T11:27:54.785Z,gid://shopify/Order/7679724224702,#1407,2026-04-28T10:55:14Z,2026-04-28T10:55:11Z,PAID,106.2,USD,gid://shopify/OrderTransaction/9243753316542,CAPTURE,SUCCESS,shopify_payments,2026-04-28T10:55:15Z,2026-04-28T10:55:15Z,59.0,USD,processing_fee,1.78,USD,0.0,USD,domestic_card_not_present,,0.025
2026-02-28T00:00:00.000Z,2026-04-29T11:27:54.785Z,gid://shopify/Order/7679724224702,#1407,2026-04-28T10:55:14Z,2026-04-28T10:55:11Z,PAID,106.2,USD,gid://shopify/OrderTransaction/9243754594494,SALE,SUCCESS,shopify_payments,2026-04-28T10:55:52Z,2026-04-28T10:55:52Z,47.2,USD,processing_fee,1.48,USD,0.0,USD,domestic_card_not_present,,0.025
2026-02-28T00:00:00.000Z,2026-04-29T11:27:54.785Z,gid://shopify/Order/7679754961086,#1408,2026-04-28T11:27:42Z,2026-04-28T11:27:38Z,PAID,59.0,USD,gid://shopify/OrderTransaction/9243796734142,CAPTURE,SUCCESS,shopify_payments,2026-04-28T11:27:44Z,2026-04-28T11:27:44Z,59.0,USD,processing_fee,2.13,USD,0.0,USD,amex_card_not_present,,0.031
2026-02-28T00:00:00.000Z,2026-04-29T11:27:54.785Z,gid://shopify/Order/7679808503998,#1409,2026-04-28T12:10:10Z,2026-04-28T12:10:07Z,PAID,59.0,USD,gid://shopify/OrderTransaction/9243865710782,CAPTURE,SUCCESS,shopify_payments,2026-04-28T12:10:11Z,2026-04-28T12:10:11Z,59.0,USD,processing_fee,1.78,USD,0.0,USD,domestic_card_not_present,,0.025
2026-02-28T00:00:00.000Z,2026-04-29T11:27:54.785Z,gid://shopify/Order/7679900647614,#1410,2026-04-28T13:09:57Z,2026-04-28T13:09:53Z,PAID,59.0,USD,gid://shopify/OrderTransaction/9243983872190,CAPTURE,SUCCESS,shopify_payments,2026-04-28T13:09:58Z,2026-04-28T13:09:58Z,59.0,USD,processing_fee,1.78,USD,0.0,USD,domestic_card_not_present,,0.025
2026-02-28T00:00:00.000Z,2026-04-29T11:27:54.785Z,gid://shopify/Order/7679969493182,#1411,2026-04-28T13:47:48Z,2026-04-28T13:47:43Z,PAID,88.0,USD,gid://shopify/OrderTransaction/9244071198910,CAPTURE,SUCCESS,shopify_payments,2026-04-28T13:47:50Z,2026-04-28T13:47:50Z,88.0,USD,processing_fee,2.5,USD,0.0,USD,domestic_card_not_present,,0.025
2026-02-28T00:00:00.000Z,2026-04-29T11:27:54.785Z,gid://shopify/Order/7680014713022,#1412,2026-04-28T14:13:07Z,2026-04-28T14:13:02Z,PAID,64.9,USD,gid://shopify/OrderTransaction/9244128280766,SALE,SUCCESS,shopify_payments,2026-04-28T14:13:03Z,2026-04-28T14:13:03Z,64.9,USD,processing_fee,2.31,USD,0.0,USD,premium_domestic_card_not_present,,0.031
2026-02-28T00:00:00.000Z,2026-04-29T11:27:54.785Z,gid://shopify/Order/7680050659518,#1413,2026-04-28T14:33:00Z,2026-04-28T14:32:56Z,PAID,59.0,USD,gid://shopify/OrderTransaction/9244174745790,CAPTURE,SUCCESS,shopify_payments,2026-04-28T14:33:02Z,2026-04-28T14:33:02Z,59.0,USD,processing_fee,1.78,USD,0.0,USD,domestic_card_not_present,,0.025
2026-02-28T00:00:00.000Z,2026-04-29T11:27:54.785Z,gid://shopify/Order/7680144703678,#1416,2026-04-28T15:18:57Z,2026-04-28T15:18:53Z,PAID,147.0,USD,gid://shopify/OrderTransaction/9244295135422,CAPTURE,SUCCESS,shopify_payments,2026-04-28T15:18:58Z,2026-04-28T15:18:58Z,147.0,USD,processing_fee,4.86,USD,0.0,USD,amex_card_not_present,,0.031
2026-02-28T00:00:00.000Z,2026-04-29T11:27:54.785Z,gid://shopify/Order/7680297009342,#1417,2026-04-28T16:18:39Z,2026-04-28T16:18:34Z,PAID,61.5,USD,gid://shopify/OrderTransaction/9244479684798,SALE,SUCCESS,shopify_payments,2026-04-28T16:18:34Z,2026-04-28T16:18:34Z,61.5,USD,processing_fee,1.84,USD,0.0,USD,domestic_card_not_present,,0.025
2026-02-28T00:00:00.000Z,2026-04-29T11:27:54.785Z,gid://shopify/Order/7680346783934,#1418,2026-04-28T16:35:27Z,2026-04-28T16:35:24Z,PAID,106.2,USD,gid://shopify/OrderTransaction/9244539912382,CAPTURE,SUCCESS,shopify_payments,2026-04-28T16:35:29Z,2026-04-28T16:35:29Z,59.0,USD,processing_fee,1.78,USD,0.0,USD,domestic_card_not_present,,0.025
2026-02-28T00:00:00.000Z,2026-04-29T11:27:54.785Z,gid://shopify/Order/7680346783934,#1418,2026-04-28T16:35:27Z,2026-04-28T16:35:24Z,PAID,106.2,USD,gid://shopify/OrderTransaction/9244540764350,SALE,SUCCESS,shopify_payments,2026-04-28T16:35:47Z,2026-04-28T16:35:47Z,47.2,USD,processing_fee,1.48,USD,0.0,USD,domestic_card_not_present,,0.025
2026-02-28T00:00:00.000Z,2026-04-29T11:27:54.785Z,gid://shopify/Order/7680356090046,#1419,2026-04-28T16:38:23Z,2026-04-28T16:38:19Z,PAID,50.15,USD,gid://shopify/OrderTransaction/9244550561982,CAPTURE,SUCCESS,shopify_payments,2026-04-28T16:38:24Z,2026-04-28T16:38:24Z,50.15,USD,processing_fee,1.55,USD,0.0,USD,domestic_card_not_present,,0.025
2026-02-28T00:00:00.000Z,2026-04-29T11:27:54.785Z,gid://shopify/Order/7680399704254,#1420,2026-04-28T16:53:26Z,2026-04-28T16:53:23Z,PAID,59.0,USD,gid://shopify/OrderTransaction/9244605874366,CAPTURE,SUCCESS,shopify_payments,2026-04-28T16:53:27Z,2026-04-28T16:53:27Z,59.0,USD,processing_fee,1.78,USD,0.0,USD,domestic_card_not_present,,0.025
2026-02-28T00:00:00.000Z,2026-04-29T11:27:54.785Z,gid://shopify/Order/7680519504062,#1421,2026-04-28T17:29:24Z,2026-04-28T17:29:21Z,PAID,106.2,USD,gid://shopify/OrderTransaction/9244748579006,CAPTURE,SUCCESS,shopify_payments,2026-04-28T17:29:26Z,2026-04-28T17:29:26Z,59.0,USD,processing_fee,1.78,USD,0.0,USD,domestic_card_not_present,,0.025
2026-02-28T00:00:00.000Z,2026-04-29T11:27:54.785Z,gid://shopify/Order/7680519504062,#1421,2026-04-28T17:29:24Z,2026-04-28T17:29:21Z,PAID,106.2,USD,gid://shopify/OrderTransaction/9244750053566,SALE,SUCCESS,shopify_payments,2026-04-28T17:29:50Z,2026-04-28T17:29:50Z,47.2,USD,processing_fee,1.48,USD,0.0,USD,domestic_card_not_present,,0.025
2026-02-28T00:00:00.000Z,2026-04-29T11:27:54.785Z,gid://shopify/Order/7680537657534,#1422,2026-04-28T17:35:41Z,2026-04-28T17:35:37Z,PAID,59.0,USD,gid://shopify/OrderTransaction/9244770435262,CAPTURE,SUCCESS,shopify_payments,2026-04-28T17:35:42Z,2026-04-28T17:35:42Z,59.0,USD,processing_fee,1.78,USD,0.0,USD,domestic_card_not_present,,0.025
2026-02-28T00:00:00.000Z,2026-04-29T11:27:54.785Z,gid://shopify/Order/7680750813374,#1423,2026-04-28T19:00:24Z,2026-04-28T19:00:20Z,PAID,59.0,USD,gid://shopify/OrderTransaction/9245040607422,CAPTURE,SUCCESS,shopify_payments,2026-04-28T19:00:25Z,2026-04-28T19:00:25Z,59.0,USD,processing_fee,2.13,USD,0.0,USD,amex_card_not_present,,0.031
2026-02-28T00:00:00.000Z,2026-04-29T11:27:54.785Z,gid://shopify/Order/7680785449150,#1424,2026-04-28T19:16:44Z,2026-04-28T19:16:41Z,PAID,59.0,USD,gid://shopify/OrderTransaction/9245087858878,CAPTURE,SUCCESS,shopify_payments,2026-04-28T19:16:45Z,2026-04-28T19:16:45Z,59.0,USD,processing_fee,1.78,USD,0.0,USD,domestic_card_not_present,,0.025
2026-02-28T00:00:00.000Z,2026-04-29T11:27:54.785Z,gid://shopify/Order/7680839975102,#1425,2026-04-28T19:41:35Z,2026-04-28T19:41:32Z,PAID,59.0,USD,gid://shopify/OrderTransaction/9245160276158,CAPTURE,SUCCESS,shopify_payments,2026-04-28T19:41:36Z,2026-04-28T19:41:36Z,59.0,USD,processing_fee,1.78,USD,0.0,USD,domestic_card_not_present,,0.025
2026-02-28T00:00:00.000Z,2026-04-29T11:27:54.785Z,gid://shopify/Order/7680843612350,#1426,2026-04-28T19:42:55Z,2026-04-28T19:42:48Z,PAID,50.15,USD,gid://shopify/OrderTransaction/9245164470462,CAPTURE,SUCCESS,shopify_payments,2026-04-28T19:42:56Z,2026-04-28T19:42:56Z,50.15,USD,processing_fee,1.55,USD,0.0,USD,domestic_card_not_present,,0.025
2026-02-28T00:00:00.000Z,2026-04-29T11:27:54.785Z,gid://shopify/Order/7680952303806,#1427,2026-04-28T20:35:42Z,2026-04-28T20:35:38Z,PAID,70.4,USD,gid://shopify/OrderTransaction/9245317660862,CAPTURE,SUCCESS,shopify_payments,2026-04-28T20:35:43Z,2026-04-28T20:35:43Z,70.4,USD,processing_fee,2.06,USD,0.0,USD,domestic_card_not_present,,0.025
2026-02-28T00:00:00.000Z,2026-04-29T11:27:54.785Z,gid://shopify/Order/7681209958590,#1428,2026-04-28T23:04:17Z,2026-04-28T23:04:12Z,PAID,172.7,USD,gid://shopify/OrderTransaction/9245659660478,SALE,SUCCESS,shopify_payments,2026-04-28T23:04:12Z,2026-04-28T23:04:12Z,149.5,USD,processing_fee,4.93,USD,0.0,USD,amex_card_not_present,,0.031
2026-02-28T00:00:00.000Z,2026-04-29T11:27:54.785Z,gid://shopify/Order/7681209958590,#1428,2026-04-28T23:04:17Z,2026-04-28T23:04:12Z,PAID,172.7,USD,gid://shopify/OrderTransaction/9245661167806,SALE,SUCCESS,shopify_payments,2026-04-28T23:04:46Z,2026-04-28T23:04:46Z,23.2,USD,processing_fee,1.02,USD,0.0,USD,amex_card_not_present,,0.031
2026-02-28T00:00:00.000Z,2026-04-29T11:27:54.785Z,gid://shopify/Order/7681305477310,#1429,2026-04-28T23:58:16Z,2026-04-28T23:58:14Z,PAID,59.0,USD,gid://shopify/OrderTransaction/9245786046654,CAPTURE,SUCCESS,shopify_payments,2026-04-28T23:58:18Z,2026-04-28T23:58:18Z,59.0,USD,processing_fee,1.78,USD,0.0,USD,domestic_card_not_present,,0.025
2026-02-28T00:00:00.000Z,2026-04-29T11:27:54.785Z,gid://shopify/Order/7681475150014,#1430,2026-04-29T01:50:18Z,2026-04-29T01:50:14Z,PAID,50.15,USD,gid://shopify/OrderTransaction/9246014636222,SALE,SUCCESS,shopify_payments,2026-04-29T01:50:14Z,2026-04-29T01:50:14Z,50.15,USD,processing_fee,1.55,USD,0.0,USD,domestic_card_not_present,,0.025
2026-02-28T00:00:00.000Z,2026-04-29T11:27:54.785Z,gid://shopify/Order/7681518698686,#1431,2026-04-29T02:19:36Z,2026-04-29T02:19:33Z,PAID,59.0,USD,gid://shopify/OrderTransaction/9246074372286,CAPTURE,SUCCESS,shopify_payments,2026-04-29T02:19:37Z,2026-04-29T02:19:37Z,59.0,USD,processing_fee,2.13,USD,0.0,USD,amex_card_not_present,,0.031
2026-02-28T00:00:00.000Z,2026-04-29T11:27:54.785Z,gid://shopify/Order/7681563656382,#1432,2026-04-29T02:52:59Z,2026-04-29T02:52:58Z,PAID,59.0,USD,gid://shopify/OrderTransaction/9246139744446,CAPTURE,SUCCESS,shopify_payments,2026-04-29T02:53:00Z,2026-04-29T02:53:00Z,59.0,USD,processing_fee,2.55,USD,0.0,USD,paypal_domestic_card_not_present,,0.0349
2026-02-28T00:00:00.000Z,2026-04-29T11:27:54.785Z,gid://shopify/Order/7683469017278,#1433,2026-04-29T06:17:53Z,2026-04-29T06:17:49Z,PAID,106.2,USD,gid://shopify/OrderTransaction/9248177750206,CAPTURE,SUCCESS,shopify_payments,2026-04-29T06:17:54Z,2026-04-29T06:17:54Z,59.0,USD,processing_fee,1.78,USD,0.0,USD,domestic_card_not_present,,0.025
2026-02-28T00:00:00.000Z,2026-04-29T11:27:54.785Z,gid://shopify/Order/7683469017278,#1433,2026-04-29T06:17:53Z,2026-04-29T06:17:49Z,PAID,106.2,USD,gid://shopify/OrderTransaction/9248178831550,SALE,SUCCESS,shopify_payments,2026-04-29T06:18:22Z,2026-04-29T06:18:22Z,47.2,USD,processing_fee,1.48,USD,0.0,USD,domestic_card_not_present,,0.025
